id,time
0,8036
1,8003
2,7967
3,7977
4,7971
5,7893
6,8011
7,8016
8,8022
9,7983
10,7945
11,7904
12,7948
13,7952
14,7963
15,7988
16,7840
17,7860
18,7964
19,7875
20,7985
21,7928
22,7869
23,7964
24,7921
25,7883
26,7977
27,7928
28,7968
29,7975
30,7943
31,7940
32,7922
33,7909
34,8029
35,7894
36,7943
37,7877
38,7955
39,7937
40,7893
41,7938
42,7904
43,7933
44,7908
45,7932
46,7991
47,7889
48,7878
49,8033
50,7989
51,7930
52,7915
53,8029
54,7912
55,7920
56,7898
57,7949
58,7920
59,8035
60,7998
61,7908
62,7971
63,7987
64,8028
65,8013
66,7918
67,7857
68,8032
69,7994
70,7862
71,7881
72,7971
73,7890
74,7920
75,7962
76,7903
77,7948
78,7948
79,7985
80,8006
81,7997
82,8009
83,7937
84,7844
85,8000
86,7961
87,7980
88,7918
89,7961
90,7885
91,7908
92,7882
93,7925
94,7995
95,7931
96,7882
97,8017
98,7879
99,7924
100,7925
101,7924
102,8010
103,8001
104,7948
105,7885
106,7865
107,7941
108,7898
109,7869
110,7983
111,7992
112,7967
113,7876
114,7874
115,7979
116,7879
117,7960
118,8000
119,8013
120,8003
121,8032
122,7958
123,7943
124,8015
125,7896
126,7936
127,8004
128,7975
129,7925
130,8016
131,7819
132,7920
133,7955
134,8027
135,7869
136,7957
137,7879
138,7883
139,8004
140,7954
141,7899
142,7948
143,7884
144,7930
145,8026
146,7955
147,7929
148,7821
149,7914
150,7994
151,8032
152,7921
153,7989
154,7933
155,7916
156,7914
157,7951
158,7914
159,7855
160,7873
161,7963
162,8024
163,8000
164,7966
165,8035
166,8026
167,7945
168,7965
169,7869
170,7935
171,8024
172,7922
173,7969
174,7881
175,8024
176,8030
177,7892
178,8004
179,8032
180,7921
181,7946
182,7943
183,7994
184,8022
185,7956
186,7929
187,7971
188,7922
189,7926
190,7901
191,7997
192,7912
193,8034
194,7929
195,7980
196,7921
197,7983
198,7955
199,7900
200,7928
201,8013
202,8030
203,7934
204,7815
205,7962
206,8005
207,7943
208,7908
209,7839
210,8033
211,7869
212,7888
213,7843
214,7903
215,8021
216,7890
217,8024
218,7883
219,8009
220,8014
221,7932
222,7947
223,7877
224,7857
225,7899
226,7960
227,7943
228,7955
229,7960
230,7975
231,7991
232,7927
233,8011
234,7958
235,7969
236,7856
237,7972
238,7977
239,7832
240,7955
241,7967
242,7925
243,7867
244,8017
245,7955
246,8031
247,7855
248,7934
249,7856
250,8021
251,7983
252,7933
253,7938
254,8005
255,8024
256,7888
257,7901
258,8033
259,8034
260,7903
261,7826
262,7930
263,8035
264,7865
265,8027
266,7931
267,8001
268,7983
269,7884
270,7925
271,8020
272,7946
273,7998
274,7981
275,7843
276,7949
277,7984
278,7847
279,7940
280,7844
281,7881
282,7834
283,8002
284,7951
285,7985
286,7920
287,7952
288,8035
289,7937
290,7913
291,7833
292,7868
293,7981
294,7993
295,8012
296,8008
297,7961
298,7903
299,7956
300,7950
301,7942
302,7904
303,8021
304,7960
305,7935
306,7880
307,7921
308,7925
309,7865
310,7897
311,7983
312,8006
313,7918
314,8029
315,7833
316,7936
317,8006
318,7997
319,7919
320,7974
321,7951
322,8036
323,7798
324,8017
325,7975
326,7950
327,8007
328,7931
329,7983
330,7921
331,7954
332,7916
333,7988
334,7921
335,7794
336,7913
337,7978
338,7975
339,7962
340,8005
341,8035
342,7867
343,7977
344,7799
345,8003
346,8035
347,7968
348,7936
349,7966
350,7931
351,7922
352,7931
353,8008
354,7988
355,7953
356,7756
357,7923
358,7925
359,8023
360,7903
361,7908
362,7937
363,7959
364,7847
365,8034
366,7950
367,7939
368,7887
369,7939
370,7843
371,8002
372,8012
373,7948
374,7989
375,7990
376,7881
377,7972
378,8015
379,7980
380,8030
381,7884
382,8018
383,7925
384,7898
385,7800
386,7927
387,8030
388,7951
389,7905
390,7908
391,8034
392,7927
393,7822
394,7988
395,7988
396,8017
397,8021
398,8005
399,7994
400,7976
401,7948
402,7867
403,7867
404,7970
405,7977
406,7959
407,7971
408,7931
409,7859
410,7901
411,7973
412,7933
413,8004
414,8035
415,8010
416,8010
417,7898
418,7899
419,7975
420,7960
421,7847
422,7981
423,7930
424,7889
425,7901
426,7946
427,7835
428,7882
429,8022
430,7939
431,7970
432,7993
433,7964
434,7934
435,7983
436,7916
437,7894
438,7907
439,7897
440,8013
441,7994
442,7987
443,8027
444,8006
445,8024
446,7967
447,7951
448,7955
449,7981
450,7893
451,7913
452,7837
453,7898
454,8011
455,7820
456,7886
457,7969
458,7871
459,7867
460,7959
461,7989
462,7932
463,7940
464,7972
465,7886
466,7933
467,7901
468,7864
469,7964
470,7961
471,7998
472,7994
473,7878
474,7941
475,7988
476,7955
477,8025
478,7890
479,7990
480,7904
481,8017
482,8009
483,7920
484,7904
485,7928
486,7921
487,7977
488,7898
489,8000
490,7893
491,7965
492,7957
493,7911
494,8000
495,7969
496,7937
497,7888
498,7940
499,7953
500,7925
501,8032
502,7914
503,7955
504,7948
505,7962
506,7978
507,8032
508,8030
509,7935
510,8033
511,7940
512,7900
513,7991
514,7990
515,7929
516,7943
517,8030
518,8015
519,8001
520,7961
521,7961
522,7956
523,7938
524,7953
525,7891
526,8022
527,8019
528,7993
529,7918
530,8019
531,7906
532,7913
533,7848
534,7969
535,7912
536,7995
537,7963
538,7934
539,7992
540,8003
541,7994
542,7918
543,7979
544,7873
545,7855
546,7927
547,7961
548,7952
549,8016
550,8002
551,8001
552,8017
553,7924
554,7918
555,8009
556,7901
557,7889
558,7907
559,7996
560,7961
561,7910
562,7950
563,7946
564,8000
565,7841
566,7993
567,8014
568,7890
569,7898
570,8023
571,7979
572,7906
573,8013
574,7840
575,7928
576,7891
577,7996
578,7969
579,7964
580,7994
581,7944
582,7883
583,7982
584,7936
585,7950
586,7920
587,7906
588,8004
589,7937
590,7894
591,7979
592,7910
593,7892
594,8030
595,7934
596,7931
597,7926
598,8033
599,7894
600,7960
601,7959
602,7846
603,7896
604,8011
605,7948
606,8001
607,7983
608,8003
609,7893
610,8031
611,7886
612,7917
613,7932
614,8000
615,7758
616,7961
617,7895
618,7955
619,7977
620,7981
621,7988
622,7859
623,7957
624,7980
625,7884
626,8034
627,7958
628,7880
629,7963
630,8015
631,7803
632,7925
633,7846
634,7876
635,7890
636,8018
637,8013
638,8019
639,8016
640,8019
641,8013
642,7870
643,7901
644,7833
645,7996
646,7954
647,7959
648,7959
649,7915
650,7997
651,7935
652,8032
653,7836
654,8008
655,7982
656,7882
657,7973
658,7978
659,7954
660,7878
661,8015
662,7968
663,7945
664,7914
665,7883
666,7842
667,7842
668,7953
669,7900
670,8016
671,7857
672,7968
673,7997
674,7950
675,7974
676,7979
677,8023
678,7897
679,7887
680,8000
681,7927
682,7983
683,7916
684,7796
685,8008
686,8022
687,7992
688,7960
689,7952
690,8026
691,7979
692,7872
693,8029
694,8007
695,7955
696,7922
697,7889
698,7909
699,7958
700,7905
701,7891
702,7999
703,7935
704,8016
705,7930
706,8020
707,7988
708,8025
709,7852
710,8012
711,7956
712,7997
713,7908
714,7942
715,7883
716,7903
717,7931
718,7959
719,7860
720,7997
721,8002
722,7944
723,8025
724,7967
725,8025
726,7901
727,7957
728,7872
729,7932
730,7969
731,7856
732,7932
733,7932
734,8000
735,7923
736,7943
737,7910
738,7868
739,7925
740,7940
741,7948
742,7916
743,7952
744,8014
745,7931
746,7904
747,7901
748,7939
749,8009
750,7990
751,7932
752,7901
753,7926
754,7959
755,7924
756,7897
757,7967
758,7894
759,8005
760,7930
761,7879
762,7937
763,7937
764,7923
765,7901
766,7877
767,7990
768,7845
769,7924
770,7867
771,7807
772,7959
773,7899
774,7962
775,7943
776,8017
777,7966
778,7890
779,7886
780,7920
781,7923
782,7946
783,7888
784,7985
785,7968
786,7958
787,7873
788,7954
789,7880
790,7939
791,8028
792,7997
793,7986
794,7934
795,7842
796,7923
797,7955
798,8029
799,7994
800,7919
801,8015
802,7898
803,7899
804,7957
805,7843
806,7883
807,7998
808,8017
809,7893
810,7984
811,7989
812,7911
813,7915
814,7989
815,7880
816,7925
817,7927
818,7967
819,7926
820,7920
821,8001
822,7880
823,7932
824,7925
825,7955
826,8012
827,7882
828,7915
829,7993
830,7971
831,7823
832,7984
833,7894
834,7896
835,7928
836,7852
837,7921
838,7916
839,8035
840,7972
841,7959
842,8001
843,7883
844,7979
845,7873
846,7892
847,7847
848,7844
849,7957
850,7989
851,7963
852,7931
853,7937
854,7861
855,7993
856,7910
857,7966
858,8026
859,7868
860,7896
861,7967
862,7835
863,7956
864,7883
865,7852
866,7879
867,8000
868,7944
869,7962
870,7858
871,7932
872,7957
873,8033
874,8005
875,7944
876,7851
877,7936
878,7963
879,7972
880,7857
881,7922
882,7931
883,8020
884,7878
885,7909
886,7909
887,7912
888,7911
889,7885
890,7996
891,7757
892,7876
893,7919
894,8011
895,7959
896,7857
897,7995
898,7890
899,7798
900,8009
901,8031
902,7935
903,7969
904,7937
905,7940
906,7857
907,7913
908,7873
909,7913
910,7922
911,7871
912,7948
913,7895
914,7930
915,7909
916,7875
917,8004
918,7954
919,8016
920,7898
921,7976
922,7929
923,7891
924,7945
925,7914
926,8027
927,7983
928,7896
929,8007
930,7749
931,7957
932,8011
933,7944
934,7880
935,7994
936,7936
937,7833
938,7945
939,8036
940,7830
941,7944
942,7996
943,7914
944,7944
945,7883
946,8004
947,7840
948,7861
949,7970
950,7914
951,8033
952,7930
953,7996
954,7898
955,7865
956,7910
957,7961
958,7879
959,7837
960,7904
961,7922
962,7914
963,7921
964,8027
965,7932
966,7817
967,7977
968,8001
969,7898
970,7984
971,7911
972,7909
973,8010
974,7842
975,7957
976,7960
977,7916
978,7978
979,7927
980,7951
981,7896
982,7940
983,7876
984,7959
985,7930
986,8004
987,8015
988,7944
989,7902
990,8006
991,8008
992,7987
993,7811
994,7880
995,7798
996,7844
997,8003
998,7918
999,7931
1000,7861
1001,7884
1002,7892
1003,7860
1004,8019
1005,7921
1006,8036
1007,7941
1008,7992
1009,7884
1010,7922
1011,7827
1012,8025
1013,7900
1014,7875
1015,7881
1016,7942
1017,7870
1018,8030
1019,7965
1020,7765
1021,7922
1022,7884
1023,7976
1024,8005
1025,7955
1026,7921
1027,7926
1028,8033
1029,7935
1030,7928
1031,7926
1032,7944
1033,7960
1034,7980
1035,7940
1036,7996
1037,7923
1038,7861
1039,7928
1040,8008
1041,7848
1042,7922
1043,8001
1044,7952
1045,7938
1046,7999
1047,8001
1048,7859
1049,8029
1050,8034
1051,8027
1052,7943
1053,7874
1054,8034
1055,7944
1056,8003
1057,8036
1058,8021
1059,7943
1060,7965
1061,7935
1062,7993
1063,7857
1064,7866
1065,7884
1066,7889
1067,7939
1068,7936
1069,7879
1070,7891
1071,8002
1072,7966
1073,7915
1074,8002
1075,7876
1076,7920
1077,7880
1078,8000
1079,7854
1080,7984
1081,7968
1082,7824
1083,7932
1084,7900
1085,8028
1086,7968
1087,8001
1088,7924
1089,7844
1090,7943
1091,7920
1092,7852
1093,7859
1094,7899
1095,7946
1096,7943
1097,8020
1098,7909
1099,7871
1100,7925
1101,7898
1102,7998
1103,7939
1104,7999
1105,7919
1106,7964
1107,7834
1108,7936
1109,8006
1110,8021
1111,7885
1112,7906
1113,7916
1114,7902
1115,7881
1116,7932
1117,8024
1118,7891
1119,7892
1120,7954
1121,8025
1122,7942
1123,7955
1124,7907
1125,8009
1126,7951
1127,7917
1128,7860
1129,7908
1130,7932
1131,7961
1132,7843
1133,7908
1134,8023
1135,8034
1136,8006
1137,7935
1138,7911
1139,7878
1140,7984
1141,7957
1142,7931
1143,7852
1144,8020
1145,7948
1146,7744
1147,8035
1148,7952
1149,8006
1150,8010
1151,7970
1152,7893
1153,7881
1154,8035
1155,7964
1156,7833
1157,7962
1158,7969
1159,7957
1160,7905
1161,7955
1162,7906
1163,7942
1164,7996
1165,7960
1166,7982
1167,7879
1168,8006
1169,7920
1170,7941
1171,7894
1172,7936
1173,7933
1174,7989
1175,7926
1176,7963
1177,8033
1178,7870
1179,7918
1180,7980
1181,7940
1182,7982
1183,7925
1184,7880
1185,7855
1186,8030
1187,7908
1188,7870
1189,7930
1190,7943
1191,7939
1192,7991
1193,7901
1194,7912
1195,7897
1196,7950
1197,7911
1198,7986
1199,8021
1200,8022
1201,7923
1202,7914
1203,7990
1204,7986
1205,7957
1206,8018
1207,7876
1208,8025
1209,7929
1210,7952
1211,8000
1212,7971
1213,7966
1214,8022
1215,8001
1216,7948
1217,7979
1218,7902
1219,7968
1220,7970
1221,8032
1222,7989
1223,7948
1224,7877
1225,7974
1226,7887
1227,7955
1228,7928
1229,7986
1230,8034
1231,7913
1232,8033
1233,7956
1234,7901
1235,8014
1236,7969
1237,7930
1238,8013
1239,7902
1240,7963
1241,7980
1242,8035
1243,7947
1244,7908
1245,7951
1246,7947
1247,7931
1248,7958
1249,7929
1250,7901
1251,7956
1252,7997
1253,7968
1254,7920
1255,7958
1256,7861
1257,7908
1258,7998
1259,7951
1260,7963
1261,7993
1262,8026
1263,8036
1264,7989
1265,7967
1266,7915
1267,7947
1268,7831
1269,7960
1270,8019
1271,7890
1272,7986
1273,7960
1274,7932
1275,7977
1276,7941
1277,7989
1278,8020
1279,7863
1280,8022
1281,7915
1282,7893
1283,7891
1284,7937
1285,7924
1286,7990
1287,7910
1288,7911
1289,7950
1290,8001
1291,7910
1292,7947
1293,7982
1294,8006
1295,7888
1296,7969
1297,7933
1298,7926
1299,7911
1300,7873
1301,7962
1302,7929
1303,7978
1304,7966
1305,7959
1306,7929
1307,7961
1308,7875
1309,7932
1310,7997
1311,8008
1312,7907
1313,7959
1314,7934
1315,7844
1316,8023
1317,7987
1318,7979
1319,7986
1320,7985
1321,7922
1322,8014
1323,7977
1324,7941
1325,7919
1326,7924
1327,7915
1328,7980
1329,7968
1330,7935
1331,7933
1332,7993
1333,7928
1334,7921
1335,7953
1336,7941
1337,7948
1338,7991
1339,8003
1340,8012
1341,7851
1342,8030
1343,7934
1344,7952
1345,8008
1346,7865
1347,7906
1348,7965
1349,8020
1350,8023
1351,7982
1352,7899
1353,7932
1354,7922
1355,7998
1356,7950
1357,7984
1358,7985
1359,7922
1360,7860
1361,7846
1362,7873
1363,7904
1364,7914
1365,7907
1366,8026
1367,7992
1368,7999
1369,7929
1370,7900
1371,7939
1372,7946
1373,7916
1374,7862
1375,7964
1376,7934
1377,7978
1378,7933
1379,7849
1380,7976
1381,7977
1382,7928
1383,7947
1384,7937
1385,8024
1386,7920
1387,7930
1388,7869
1389,7965
1390,8012
1391,7858
1392,7918
1393,7918
1394,7874
1395,7916
1396,7951
1397,7883
1398,7962
1399,7893
1400,7983
1401,7853
1402,7903
1403,8031
1404,7964
1405,7912
1406,8035
1407,7981
1408,7962
1409,7919
1410,7888
1411,7972
1412,7955
1413,8014
1414,7965
1415,7969
1416,7912
1417,7939
1418,7929
1419,7905
1420,7894
1421,7979
1422,7947
1423,7947
1424,7920
1425,7910
1426,7905
1427,7910
1428,7948
1429,7926
1430,7897
1431,7945
1432,8027
1433,7959
1434,7916
1435,7999
1436,7948
1437,7930
1438,7950
1439,8007
1440,7953
1441,7979
1442,7964
1443,7837
1444,7923
1445,7974
1446,7944
1447,8013
1448,7932
1449,7888
1450,7982
1451,7923
1452,7917
1453,7974
1454,8031
1455,7988
1456,8010
1457,7905
1458,7889
1459,7864
1460,8002
1461,7918
1462,8024
1463,7849
1464,7930
1465,7975
1466,7914
1467,7940
1468,8032
1469,7987
1470,7967
1471,8021
1472,7874
1473,7903
1474,7954
1475,7906
1476,7795
1477,7965
1478,7988
1479,7991
1480,7937
1481,8002
1482,7947
1483,7961
1484,7942
1485,8013
1486,7904
1487,7872
1488,8015
1489,7862
1490,7912
1491,7973
1492,7837
1493,7907
1494,7958
1495,7938
1496,7895
1497,7932
1498,8031
1499,7824
1500,7922
1501,7990
1502,7797
1503,7917
1504,7919
1505,7959
1506,7980
1507,7926
1508,7926
1509,8002
1510,7914
1511,7944
1512,7904
1513,8033
1514,7944
1515,8028
1516,7912
1517,7964
1518,8030
1519,7954
1520,8003
1521,7892
1522,8013
1523,7971
1524,7893
1525,7924
1526,7988
1527,7973
1528,7879
1529,7999
1530,7923
1531,7934
1532,7896
1533,7893
1534,7878
1535,7961
1536,7882
1537,7902
1538,7895
1539,7964
1540,8007
1541,7962
1542,7991
1543,7971
1544,7949
1545,7902
1546,8005
1547,7958
1548,7921
1549,8016
1550,7951
1551,7991
1552,7859
1553,7964
1554,8025
1555,7979
1556,7886
1557,7994
1558,7968
1559,7895
1560,7896
1561,7966
1562,7878
1563,7920
1564,7919
1565,7952
1566,7954
1567,8002
1568,7924
1569,8029
1570,8001
1571,8016
1572,7911
1573,8034
1574,7983
1575,8029
1576,7948
1577,7975
1578,8028
1579,7875
1580,7935
1581,7971
1582,7900
1583,7980
1584,7907
1585,7957
1586,8008
1587,7919
1588,7965
1589,7917
1590,7889
1591,8005
1592,7851
1593,8002
1594,7962
1595,7895
1596,7921
1597,7922
1598,7819
1599,7908
1600,7884
1601,8007
1602,7946
1603,7952
1604,7921
1605,8001
1606,8018
1607,7970
1608,7957
1609,7959
1610,7970
1611,7987
1612,7940
1613,7883
1614,8000
1615,8025
1616,7965
1617,7919
1618,7923
1619,8008
1620,8015
1621,8009
1622,7969
1623,8015
1624,7952
1625,8006
1626,7923
1627,7901
1628,7915
1629,7858
1630,8026
1631,7958
1632,7939
1633,7979
1634,8018
1635,7959
1636,7935
1637,7920
1638,7972
1639,7966
1640,7921
1641,7916
1642,7956
1643,7998
1644,7878
1645,7995
1646,7915
1647,8000
1648,8021
1649,7947
1650,7927
1651,7953
1652,7981
1653,7943
1654,7890
1655,7964
1656,7989
1657,8033
1658,7978
1659,7923
1660,7952
1661,7955
1662,7979
1663,7933
1664,7902
1665,7908
1666,7906
1667,7956
1668,7999
1669,8014
1670,7986
1671,7946
1672,8028
1673,8031
1674,7952
1675,8017
1676,7964
1677,8002
1678,7956
1679,7997
1680,8020
1681,7990
1682,7974
1683,7958
1684,8025
1685,7944
1686,7974
1687,8015
1688,7890
1689,8015
1690,7942
1691,7856
1692,7951
1693,7928
1694,7911
1695,7951
1696,7811
1697,7989
1698,7941
1699,7912
1700,7964
1701,7946
1702,7967
1703,7979
1704,7991
1705,7969
1706,7882
1707,7981
1708,7939
1709,8022
1710,7992
1711,7937
1712,8008
1713,7953
1714,7979
1715,7965
1716,7859
1717,7895
1718,8021
1719,7996
1720,7866
1721,8035
1722,7865
1723,7945
1724,7979
1725,7903
1726,7952
1727,7993
1728,7958
1729,7923
1730,7980
1731,7943
1732,7880
1733,7964
1734,8024
1735,8009
1736,7969
1737,7988
1738,7959
1739,7964
1740,7985
1741,7944
1742,7967
1743,7871
1744,7941
1745,7934
1746,7957
1747,7935
1748,7970
1749,7953
1750,7935
1751,7966
1752,7873
1753,7969
1754,7900
1755,7888
1756,7936
1757,7935
1758,8028
1759,7999
1760,8003
1761,7997
1762,8029
1763,7924
1764,8024
1765,7935
1766,8015
1767,7975
1768,7972
1769,8035
1770,7948
1771,7956
1772,7864
1773,7971
1774,8013
1775,7893
1776,7884
1777,7921
1778,7944
1779,8020
1780,8030
1781,8032
1782,7997
1783,7892
1784,7911
1785,8000
1786,7938
1787,7915
1788,7909
1789,7963
1790,8011
1791,7983
1792,7887
1793,7978
1794,7892
1795,7980
1796,7861
1797,7976
1798,7962
1799,7999
1800,7969
1801,7897
1802,7967
1803,8019
1804,8016
1805,8010
1806,8011
1807,7889
1808,7956
1809,8031
1810,7920
1811,8000
1812,7924
1813,7953
1814,7956
1815,7982
1816,7846
1817,7981
1818,7951
1819,7914
1820,7881
1821,8002
1822,7921
1823,8003
1824,7987
1825,7961
1826,7983
1827,8020
1828,7883
1829,7917
1830,7936
1831,7933
1832,8001
1833,7960
1834,8015
1835,7934
1836,7962
1837,7923
1838,7947
1839,7893
1840,7957
1841,8014
1842,8001
1843,7931
1844,8021
1845,7921
1846,7999
1847,8008
1848,7985
1849,7957
1850,7887
1851,7923
1852,7950
1853,7987
1854,8014
1855,7996
1856,7967
1857,7973
1858,7967
1859,7985
1860,7919
1861,7874
1862,7949
1863,7936
1864,8035
1865,7931
1866,7973
1867,7955
1868,7924
1869,7921
1870,7936
1871,7912
1872,7946
1873,7903
1874,7892
1875,7944
1876,7998
1877,7916
1878,7956
1879,7905
1880,7917
1881,7867
1882,7924
1883,7869
1884,7978
1885,7969
1886,7961
1887,7961
1888,8028
1889,8025
1890,7992
1891,8004
1892,7927
1893,7992
1894,7993
1895,7964
1896,7943
1897,7875
1898,7894
1899,7945
1900,7890
1901,7865
1902,7991
1903,7921
1904,8002
1905,7924
1906,8036
1907,7908
1908,7929
1909,7944
1910,8014
1911,7898
1912,8023
1913,7920
1914,7888
1915,7891
1916,7962
1917,8001
1918,7942
1919,7935
1920,8000
1921,7986
1922,7945
1923,7963
1924,7935
1925,7950
1926,7904
1927,7993
1928,7878
1929,7934
1930,7934
1931,7910
1932,8000
1933,7994
1934,7913
1935,7906
1936,7897
1937,7996
1938,7998
1939,7979
1940,7950
1941,8033
1942,7841
1943,7921
1944,7880
1945,7907
1946,7899
1947,7939
1948,7878
1949,7852
1950,8033
1951,7942
1952,7977
1953,7858
1954,7902
1955,7916
1956,7968
1957,7953
1958,7984
1959,8001
1960,8021
1961,7968
1962,7914
1963,7995
1964,7922
1965,7928
1966,7972
1967,7925
1968,8001
1969,7931
1970,7917
1971,7989
1972,7877
1973,7906
1974,7922
1975,7902
1976,7974
1977,7952
1978,8008
1979,7888
1980,7973
1981,7826
1982,7927
1983,8014
1984,7967
1985,7860
1986,7939
1987,7988
1988,7930
1989,7959
1990,7968
1991,7984
1992,7938
1993,7969
1994,7898
1995,7964
1996,7911
1997,7919
1998,7902
1999,7924
2000,8026
2001,7880
2002,7867
2003,7997
2004,7991
2005,7868
2006,8011
2007,7894
2008,7938
2009,7950
2010,7966
2011,7997
2012,7940
2013,7913
2014,7963
2015,7870
2016,7938
2017,7911
2018,7978
2019,7899
2020,8000
2021,7969
2022,7979
2023,7967
2024,8032
2025,7998
2026,7976
2027,7826
2028,7829
2029,7919
2030,8017
2031,8001
2032,7905
2033,8004
2034,7844
2035,7888
2036,7987
2037,7907
2038,8020
2039,7949
2040,7914
2041,7850
2042,7915
2043,7884
2044,7960
2045,7963
2046,7919
2047,7988
2048,8021
2049,7990
2050,7844
2051,7867
2052,7877
2053,7838
2054,8016
2055,7900
2056,8034
2057,7964
2058,7958
2059,7893
2060,7926
2061,7956
2062,7896
2063,7900
2064,7948
2065,8030
2066,7999
2067,7883
2068,7853
2069,7861
2070,7949
2071,7990
2072,7938
2073,7919
2074,7890
2075,8024
2076,7878
2077,7830
2078,7955
2079,7976
2080,8014
2081,7996
2082,7951
2083,7935
2084,7927
2085,7918
2086,7954
2087,8007
2088,7998
2089,8018
2090,7987
2091,7961
2092,7907
2093,7954
2094,7919
2095,7938
2096,7915
2097,8015
2098,7893
2099,7915
2100,7986
2101,7967
2102,7956
2103,7918
2104,7920
2105,7874
2106,8029
2107,7886
2108,7882
2109,8028
2110,7894
2111,7961
2112,8022
2113,7973
2114,8023
2115,7950
2116,7922
2117,7930
2118,8004
2119,7954
2120,8032
2121,8006
2122,7914
2123,7925
2124,7840
2125,7859
2126,8021
2127,8036
2128,7924
2129,7888
2130,7862
2131,7920
2132,7934
2133,7924
2134,7915
2135,7953
2136,7935
2137,7911
2138,7995
2139,7894
2140,7993
2141,8028
2142,7990
2143,7937
2144,8031
2145,7961
2146,7925
2147,7961
2148,7867
2149,7871
2150,7882
2151,8032
2152,8002
2153,7874
2154,7917
2155,8018
2156,7923
2157,7966
2158,7886
2159,7966
2160,7901
2161,7966
2162,7878
2163,7967
2164,7929
2165,8004
2166,7910
2167,8016
2168,8002
2169,7968
2170,7961
2171,8035
2172,8012
2173,8009
2174,7954
2175,7879
2176,7961
2177,7940
2178,8028
2179,8033
2180,8034
2181,7992
2182,7936
2183,7890
2184,7972
2185,8007
2186,7896
2187,8015
2188,7923
2189,8015
2190,7993
2191,7902
2192,7986
2193,8020
2194,7992
2195,7968
2196,7948
2197,7918
2198,7994
2199,8006
2200,7922
2201,7994
2202,7935
2203,7879
2204,7945
2205,7968
2206,7917
2207,7965
2208,7930
2209,7923
2210,7896
2211,8009
2212,7979
2213,7816
2214,7888
2215,7995
2216,7910
2217,8034
2218,7933
2219,7987
2220,7943
2221,7971
2222,7981
2223,7897
2224,8014
2225,7968
2226,7983
2227,8012
2228,7851
2229,7966
2230,8008
2231,7905
2232,7969
2233,7967
2234,7929
2235,7883
2236,8015
2237,7941
2238,7912
2239,7979
2240,7887
2241,7963
2242,7874
2243,7991
2244,8008
2245,7958
2246,7998
2247,7974
2248,7958
2249,7932
2250,7918
2251,7919
2252,7960
2253,7974
2254,7982
2255,8026
2256,8019
2257,7962
2258,7873
2259,7905
2260,7976
2261,7945
2262,7985
2263,7996
2264,8034
2265,7953
2266,7947
2267,8018
2268,7924
2269,7938
2270,7957
2271,7968
2272,7957
2273,7953
2274,7964
2275,8024
2276,7965
2277,7889
2278,8012
2279,7904
2280,7956
2281,8011
2282,7952
2283,7963
2284,8023
2285,7992
2286,8013
2287,8013
2288,7878
2289,7942
2290,7998
2291,7955
2292,7948
2293,7900
2294,7967
2295,8006
2296,7995
2297,7952
2298,7919
2299,8025
2300,7902
2301,8027
2302,7879
2303,7993
2304,7962
2305,8003
2306,7949
2307,7942
2308,7944
2309,7974
2310,7878
2311,7913
2312,7996
2313,7998
2314,7997
2315,7981
2316,7924
2317,7930
2318,7971
2319,7996
2320,8029
2321,8029
2322,7940
2323,7969
2324,8014
2325,7965
2326,7995
2327,7926
2328,7959
2329,8012
2330,7961
2331,8002
2332,7968
2333,7986
2334,8009
2335,8021
2336,7916
2337,7933
2338,8022
2339,8030
2340,8022
2341,8001
2342,7901
2343,7962
2344,7919
2345,7930
2346,7980
2347,7989
2348,7978
2349,7929
2350,8022
2351,8016
2352,8013
2353,7854
2354,7896
2355,8023
2356,7924
2357,7974
2358,7870
2359,7984
2360,7909
2361,7894
2362,8035
2363,7929
2364,7994
2365,7873
2366,7829
2367,7979
2368,7950
2369,7927
2370,7993
2371,7995
2372,7951
2373,8024
2374,7900
2375,7979
2376,7968
2377,8017
2378,7933
2379,7933
2380,7966
2381,7930
2382,7991
2383,7983
2384,8001
2385,7943
2386,7914
2387,7961
2388,8002
2389,7979
2390,7955
2391,7972
2392,7943
2393,7939
2394,7920
2395,8026
2396,7944
2397,7975
2398,7948
2399,8018
2400,8019
2401,7956
2402,7991
2403,7957
2404,7995
2405,7952
2406,7974
2407,7907
2408,7960
2409,7986
2410,7994
2411,7979
2412,7902
2413,8009
2414,7876
2415,8006
2416,8003
2417,7970
2418,7958
2419,7994
2420,7987
2421,7977
2422,8024
2423,7940
2424,7985
2425,8029
2426,8030
2427,7881
2428,7974
2429,8034
2430,7920
2431,7899
2432,7991
2433,7986
2434,7959
2435,7982
2436,7945
2437,7994
2438,7879
2439,7988
2440,7990
2441,7890
2442,7880
2443,8002
2444,7920
2445,7926
2446,7860
2447,7965
2448,7977
2449,7964
2450,7943
2451,7992
2452,7936
2453,7940
2454,7903
2455,7989
2456,7981
2457,7884
2458,7922
2459,7895
2460,7984
2461,8000
2462,7939
2463,7954
2464,7970
2465,8027
2466,7917
2467,7901
2468,7952
2469,7954
2470,7962
2471,7924
2472,7992
2473,7952
2474,8022
2475,8034
2476,7976
2477,7930
2478,7880
2479,7939
2480,7918
2481,8017
2482,7973
2483,7967
2484,7931
2485,8000
2486,7858
2487,8000
2488,7960
2489,8011
2490,7988
2491,7962
2492,7944
2493,7883
2494,7997
2495,7970
2496,8006
2497,7861
2498,7940
2499,8009
2500,8013
2501,8018
2502,7939
2503,7864
2504,7975
2505,8009
2506,7972
2507,7893
2508,7969
2509,7981
2510,7980
2511,7920
2512,7967
2513,7969
2514,8032
2515,8016
2516,8023
2517,8021
2518,7937
2519,7967
2520,7882
2521,7931
2522,7998
2523,8020
2524,7975
2525,7988
2526,7941
2527,7960
2528,7993
2529,7908
2530,7921
2531,8001
2532,7905
2533,7967
2534,8018
2535,8012
2536,7983
2537,7939
2538,7959
2539,7996
2540,7941
2541,7954
2542,7915
2543,7966
2544,8031
2545,8013
2546,7925
2547,7968
2548,8009
2549,8002
2550,7956
2551,7950
2552,7950
2553,7978
2554,7921
2555,7959
2556,8003
2557,7930
2558,7986
2559,7881
2560,7995
2561,8031
2562,8012
2563,7952
2564,7954
2565,7979
2566,8016
2567,7931
2568,7998
2569,7931
2570,8035
2571,7931
2572,7876
2573,7915
2574,7963
2575,7918
2576,7958
2577,7957
2578,7862
2579,8013
2580,8036
2581,7940
2582,7999
2583,8015
2584,7993
2585,7965
2586,7888
2587,7899
2588,7911
2589,7856
2590,7945
2591,7986
2592,7960
2593,7989
2594,8035
2595,8020
2596,7990
2597,7937
2598,7987
2599,8009
2600,8012
2601,7936
2602,7919
2603,8035
2604,7864
2605,7853
2606,7914
2607,7912
2608,8016
2609,7923
2610,8014
2611,7959
2612,7974
2613,7879
2614,7965
2615,7993
2616,7979
2617,7935
2618,7985
2619,7831
2620,7867
2621,8018
2622,7988
2623,8010
2624,7986
2625,7959
2626,7887
2627,7986
2628,7962
2629,7955
2630,7999
2631,8035
2632,7941
2633,7989
2634,7989
2635,8020
2636,7897
2637,7966
2638,8020
2639,7828
2640,8016
2641,8000
2642,8014
2643,7931
2644,7934
2645,7931
2646,7997
2647,7883
2648,7907
2649,8018
2650,7987
2651,7880
2652,7909
2653,7916
2654,8028
2655,7934
2656,8025
2657,7945
2658,7989
2659,7962
2660,7906
2661,8014
2662,8034
2663,8029
2664,7957
2665,7986
2666,7904
2667,8020
2668,7997
2669,7910
2670,7975
2671,7975
2672,7915
2673,7868
2674,7959
2675,8003
2676,7902
2677,7995
2678,7959
2679,8031
2680,8001
2681,8003
2682,7904
2683,7882
2684,7883
2685,7938
2686,7933
2687,8023
2688,7897
2689,7993
2690,7972
2691,7979
2692,7896
2693,7956
2694,7993
2695,8005
2696,7913
2697,8004
2698,7965
2699,7983
2700,7980
2701,8007
2702,7967
2703,7968
2704,7999
2705,7924
2706,7940
2707,8022
2708,7827
2709,7953
2710,8032
2711,7941
2712,7947
2713,7926
2714,7913
2715,7947
2716,7980
2717,7957
2718,7953
2719,7874
2720,7994
2721,7959
2722,7995
2723,7968
2724,7909
2725,7868
2726,8032
2727,7946
2728,8034
2729,7958
2730,7977
2731,7906
2732,7959
2733,7926
2734,7885
2735,7914
2736,8006
2737,7949
2738,8017
2739,7932
2740,7972
2741,7878
2742,7950
2743,8000
2744,7956
2745,7943
2746,8020
2747,7911
2748,7919
2749,7980
2750,7917
2751,8002
2752,7891
2753,7987
2754,7930
2755,8033
2756,7844
2757,7912
2758,7927
2759,8018
2760,8020
2761,7993
2762,8034
2763,8019
2764,8001
2765,7961
2766,8034
2767,8029
2768,7987
2769,8011
2770,7960
2771,7924
2772,7927
2773,8019
2774,8011
2775,8033
2776,8003
2777,7976
2778,7935
2779,7882
2780,7887
2781,7937
2782,8022
2783,7976
2784,7898
2785,7972
2786,7964
2787,8011
2788,7912
2789,7973
2790,7917
2791,7967
2792,8021
2793,7950
2794,8031
2795,8007
2796,7954
2797,7870
2798,8031
2799,7960
2800,7949
2801,7941
2802,7956
2803,8018
2804,7968
2805,7960
2806,7986
2807,7986
2808,8022
2809,7919
2810,7945
2811,7933
2812,7881
2813,8024
2814,7993
2815,7969
2816,7952
2817,8034
2818,7985
2819,7986
2820,7930
2821,7896
2822,8022
2823,7955
2824,8028
2825,7999
2826,8027
2827,8006
2828,7916
2829,7972
2830,8018
2831,8025
2832,8001
2833,7924
2834,7976
2835,8026
2836,7976
2837,8003
2838,7962
2839,7948
2840,8021
2841,8005
2842,7986
2843,7918
2844,7949
2845,7962
2846,8035
2847,7991
2848,7976
2849,8020
2850,7897
2851,7967
2852,7921
2853,7964
2854,7985
2855,7964
2856,8014
2857,7931
2858,8029
2859,8024
2860,7936
2861,7989
2862,7918
2863,7915
2864,8026
2865,7895
2866,7970
2867,7961
2868,7993
2869,7932
2870,8001
2871,8014
2872,7905
2873,7993
2874,7926
2875,7969
2876,7946
2877,7941
2878,7980
2879,8035
2880,7952
2881,7916
2882,7898
2883,7997
2884,7996
2885,7903
2886,7967
2887,7948
2888,8026
2889,7977
2890,7981
2891,8010
2892,7949
2893,8025
2894,8011
2895,8035
2896,7916
2897,7901
2898,7844
2899,7978
2900,7889
2901,7950
2902,8015
2903,7976
2904,7907
2905,7895
2906,8004
2907,7903
2908,7995
2909,7960
2910,7972
2911,8024
2912,7993
2913,7957
2914,7983
2915,7870
2916,7869
2917,7958
2918,8004
2919,8006
2920,7955
2921,8000
2922,8015
2923,7969
2924,7862
2925,7959
2926,7960
2927,8021
2928,7904
2929,7856
2930,7934
2931,7929
2932,7867
2933,7935
2934,8018
2935,7947
2936,8018
2937,7919
2938,7932
2939,7989
2940,7986
2941,7942
2942,7927
2943,7962
2944,7888
2945,8014
2946,7856
2947,7854
2948,8027
2949,7913
2950,7893
2951,8015
2952,7918
2953,7917
2954,7971
2955,8019
2956,7984
2957,7979
2958,8015
2959,7963
2960,7968
2961,7866
2962,7927
2963,7923
2964,8004
2965,7839
2966,7938
2967,8026
2968,7984
2969,7880
2970,7973
2971,8002
2972,8026
2973,7958
2974,8027
2975,8008
2976,7955
2977,8017
2978,7926
2979,7896
2980,7886
2981,7891
2982,7983
2983,7959
2984,7933
2985,7995
2986,8035
2987,8002
2988,7955
2989,7887
2990,7896
2991,7996
2992,7897
2993,8022
2994,8013
2995,7953
2996,7875
2997,7899
2998,7904
2999,8019
3000,7977
3001,7980
3002,7885
3003,7859
3004,8016
3005,7958
3006,7959
3007,8005
3008,7866
3009,7919
3010,7878
3011,7924
3012,7945
3013,7905
3014,7984
3015,7964
3016,7946
3017,7953
3018,8019
3019,7998
3020,7958
3021,7891
3022,8003
3023,7962
3024,7927
3025,7971
3026,7885
3027,7967
3028,7857
3029,8016
3030,7920
3031,7852
3032,7924
3033,7972
3034,7968
3035,7922
3036,7950
3037,7935
3038,7989
3039,7939
3040,7893
3041,8021
3042,7840
3043,7939
3044,7874
3045,7946
3046,7919
3047,7916
3048,8009
3049,7940
3050,7980
3051,8013
3052,7864
3053,7993
3054,8007
3055,7985
3056,7911
3057,7961
3058,7912
3059,7892
3060,7876
3061,7966
3062,7864
3063,7947
3064,7951
3065,7864
3066,8000
3067,7974
3068,7958
3069,7997
3070,7979
3071,8028
3072,7840
3073,7996
3074,7891
3075,7903
3076,7988
3077,7962
3078,7962
3079,7899
3080,7963
3081,7881
3082,7918
3083,7982
3084,7880
3085,7970
3086,7989
3087,7919
3088,7988
3089,7960
3090,7956
3091,7885
3092,7962
3093,7954
3094,7918
3095,7940
3096,7979
3097,7880
3098,7898
3099,7991
3100,7940
3101,7930
3102,8013
3103,7999
3104,7960
3105,8011
3106,7916
3107,7865
3108,7995
3109,7882
3110,8031
3111,7907
3112,7975
3113,7935
3114,7922
3115,7978
3116,8020
3117,7950
3118,8035
3119,7989
3120,7857
3121,7876
3122,7818
3123,7879
3124,7991
3125,7903
3126,7944
3127,7913
3128,7892
3129,8021
3130,7978
3131,7990
3132,7982
3133,7876
3134,7957
3135,7980
3136,7894
3137,7972
3138,7896
3139,7927
3140,7942
3141,7988
3142,7930
3143,7952
3144,8034
3145,7961
3146,7965
3147,7927
3148,8024
3149,7968
3150,7926
3151,7955
3152,8000
3153,7936
3154,7963
3155,7931
3156,7962
3157,7996
3158,7876
3159,7889
3160,7983
3161,7948
3162,7988
3163,7967
3164,8008
3165,8029
3166,7971
3167,7945
3168,7910
3169,7891
3170,7807
3171,7873
3172,7938
3173,8008
3174,7928
3175,7908
3176,7962
3177,8021
3178,7948
3179,7987
3180,7970
3181,7996
3182,7989
3183,7958
3184,7882
3185,7931
3186,7891
3187,7895
3188,7877
3189,7920
3190,7845
3191,7885
3192,7956
3193,7836
3194,7881
3195,7901
3196,7985
3197,7934
3198,8028
3199,7963
3200,7861
3201,8012
3202,7857
3203,7892
3204,8011
3205,7947
3206,7857
3207,7874
3208,7944
3209,7909
3210,7925
3211,7877
3212,7971
3213,8011
3214,8014
3215,7951
3216,8026
3217,7937
3218,7840
3219,7935
3220,8035
3221,8001
3222,7953
3223,7849
3224,8002
3225,7974
3226,7975
3227,7956
3228,8029
3229,8002
3230,7979
3231,7994
3232,7878
3233,7998
3234,7878
3235,7924
3236,8018
3237,7841
3238,7935
3239,7829
3240,7940
3241,7904
3242,8026
3243,7947
3244,7873
3245,8013
3246,7978
3247,7948
3248,7941
3249,8006
3250,7913
3251,7847
3252,8003
3253,7948
3254,7852
3255,7941
3256,7993
3257,7890
3258,7995
3259,7934
3260,7927
3261,7878
3262,8035
3263,7875
3264,7867
3265,7960
3266,7854
3267,7876
3268,7938
3269,7936
3270,7878
3271,7867
3272,7989
3273,7871
3274,8029
3275,7900
3276,7932
3277,8013
3278,7917
3279,7785
3280,8009
3281,8013
3282,7962
3283,7869
3284,7975
3285,7891
3286,7982
3287,7937
3288,7945
3289,7885
3290,7941
3291,7906
3292,8003
3293,7975
3294,7974
3295,7902
3296,8011
3297,7861
3298,7882
3299,7998
3300,8026
3301,7999
3302,8033
3303,7964
3304,7909
3305,8026
3306,7899
3307,7991
3308,8004
3309,7874
3310,8035
3311,7883
3312,7962
3313,7938
3314,7971
3315,7926
3316,8025
3317,7933
3318,8003
3319,8030
3320,8027
3321,7966
3322,7892
3323,7954
3324,7991
3325,7960
3326,7977
3327,7903
3328,8024
3329,7867
3330,7989
3331,7903
3332,7998
3333,7954
3334,8012
3335,7967
3336,7902
3337,7917
3338,7873
3339,7898
3340,7897
3341,7959
3342,7932
3343,7882
3344,7942
3345,7853
3346,7968
3347,7942
3348,7980
3349,8001
3350,7966
3351,7997
3352,7942
3353,7977
3354,7932
3355,7903
3356,7959
3357,7892
3358,7977
3359,8034
3360,7883
3361,7956
3362,7938
3363,7927
3364,7920
3365,7920
3366,8033
3367,8003
3368,7890
3369,7983
3370,7989
3371,7977
3372,8001
3373,8018
3374,8007
3375,7993
3376,7983
3377,7977
3378,7924
3379,7958
3380,7877
3381,7965
3382,8026
3383,7879
3384,7858
3385,7918
3386,8011
3387,7976
3388,7850
3389,7896
3390,7985
3391,8024
3392,7963
3393,7998
3394,7954
3395,7895
3396,7955
3397,7896
3398,7979
3399,7978
3400,8022
3401,7946
3402,8005
3403,8005
3404,7838
3405,7970
3406,7972
3407,8006
3408,7950
3409,7955
3410,7855
3411,8025
3412,7884
3413,7860
3414,7951
3415,7997
3416,7950
3417,7999
3418,8032
3419,7955
3420,7881
3421,7977
3422,8003
3423,7972
3424,7957
3425,7961
3426,8029
3427,7999
3428,8028
3429,7990
3430,7970
3431,7939
3432,7959
3433,8021
3434,7950
3435,8020
3436,7988
3437,7923
3438,8003
3439,7979
3440,8007
3441,7956
3442,8013
3443,7975
3444,7987
3445,7936
3446,7974
3447,8015
3448,7953
3449,7914
3450,8005
3451,7947
3452,8034
3453,7960
3454,7955
3455,8023
3456,7957
3457,7983
3458,7995
3459,7926
3460,7925
3461,7878
3462,7950
3463,7974
3464,8000
3465,8021
3466,8011
3467,7958
3468,8009
3469,7939
3470,7978
3471,7912
3472,8013
3473,7891
3474,8014
3475,7949
3476,7943
3477,7952
3478,7994
3479,7897
3480,7962
3481,7969
3482,8008
3483,8020
3484,7909
3485,7857
3486,8035
3487,8011
3488,7884
3489,7967
3490,8002
3491,8008
3492,7919
3493,8010
3494,8006
3495,7964
3496,7993
3497,7995
3498,8014
3499,7963
3500,7952
3501,8023
3502,7951
3503,8035
3504,8031
3505,7911
3506,8031
3507,7971
3508,7958
3509,8023
3510,8033
3511,8024
3512,7968
3513,7907
3514,7925
3515,7943
3516,7899
3517,7968
3518,7884
3519,8001
3520,7992
3521,8028
3522,7980
3523,8021
3524,8004
3525,8001
3526,7929
3527,8030
3528,7937
3529,8033
3530,7913
3531,7919
3532,7918
3533,7929
3534,8003
3535,8011
3536,7889
3537,7892
3538,7893
3539,7896
3540,8034
3541,7910
3542,7938
3543,7910
3544,7992
3545,7982
3546,8027
3547,7944
3548,7965
3549,7961
3550,8017
3551,8004
3552,7951
3553,8017
3554,8021
3555,7875
3556,7989
3557,7919
3558,8004
3559,7899
3560,7964
3561,7895
3562,7918
3563,7883
3564,7944
3565,7885
3566,8034
3567,7952
3568,7875
3569,8005
3570,7944
3571,7869
3572,8001
3573,7999
3574,7917
3575,7909
3576,7961
3577,7943
3578,7976
3579,8023
3580,7997
3581,7983
3582,7929
3583,7875
3584,7970
3585,8022
3586,7929
3587,7931
3588,7999
3589,8004
3590,8011
3591,7997
3592,7928
3593,7942
3594,7877
3595,7937
3596,7995
3597,7999
3598,7968
3599,7956
3600,7842
3601,7942
3602,7920
3603,7915
3604,8024
3605,8027
3606,7867
3607,7935
3608,7985
3609,7904
3610,8011
3611,7975
3612,7913
3613,7866
3614,7974
3615,7971
3616,7921
3617,7987
3618,7962
3619,7898
3620,7924
3621,7938
3622,7952
3623,8032
3624,7910
3625,7979
3626,7892
3627,7973
3628,7932
3629,7972
3630,8032
3631,7988
3632,7904
3633,7950
3634,7881
3635,7964
3636,8000
3637,8026
3638,7942
3639,7875
3640,8029
3641,7869
3642,8018
3643,8029
3644,7983
3645,7922
3646,7964
3647,7910
3648,7987
3649,7970
3650,7909
3651,7936
3652,7976
3653,8026
3654,8001
3655,8028
3656,7972
3657,7951
3658,7903
3659,7947
3660,8003
3661,7922
3662,7904
3663,8035
3664,7809
3665,7900
3666,7932
3667,7869
3668,8002
3669,7960
3670,7848
3671,7883
3672,7997
3673,7907
3674,7968
3675,7914
3676,7972
3677,7952
3678,8003
3679,7989
3680,8005
3681,7977
3682,7998
3683,7953
3684,7966
3685,7977
3686,8014
3687,7977
3688,7908
3689,7880
3690,7949
3691,7944
3692,7996
3693,7933
3694,7978
3695,7981
3696,8006
3697,7935
3698,7917
3699,7908
3700,7911
3701,7947
3702,7909
3703,7867
3704,7917
3705,7880
3706,7883
3707,7932
3708,7933
3709,7957
3710,7900
3711,7957
3712,8035
3713,8003
3714,7941
3715,7987
3716,7951
3717,7984
3718,8001
3719,7958
3720,7907
3721,7959
3722,7882
3723,7911
3724,7991
3725,7955
3726,7898
3727,7978
3728,7859
3729,7889
3730,7908
3731,7934
3732,7959
3733,8024
3734,7949
3735,7888
3736,8003
3737,7865
3738,8012
3739,7918
3740,7947
3741,7913
3742,7994
3743,8005
3744,7951
3745,7995
3746,8002
3747,7962
3748,7991
3749,7986
3750,7996
3751,8002
3752,7981
3753,7896
3754,7933
3755,7885
3756,8006
3757,7975
3758,7998
3759,8021
3760,7899
3761,7888
3762,7903
3763,7914
3764,8032
3765,8017
3766,7937
3767,7871
3768,7964
3769,7893
3770,7999
3771,7968
3772,7997
3773,7999
3774,7982
3775,7961
3776,7993
3777,7924
3778,7926
3779,7898
3780,7970
3781,7953
3782,7978
3783,7932
3784,7980
3785,8011
3786,7978
3787,7964
3788,7981
3789,7999
3790,7957
3791,8002
3792,7877
3793,8010
3794,7890
3795,7971
3796,8023
3797,8002
3798,7955
3799,7890
3800,7929
3801,7977
3802,7880
3803,7921
3804,7945
3805,7915
3806,7942
3807,7840
3808,7968
3809,8023
3810,8009
3811,7928
3812,7981
3813,7920
3814,7985
3815,8007
3816,7849
3817,8001
3818,7951
3819,7879
3820,7917
3821,7965
3822,7975
3823,8011
3824,7934
3825,7904
3826,7853
3827,7912
3828,7933
3829,7959
3830,7953
3831,7917
3832,7943
3833,8032
3834,8008
3835,7934
3836,7900
3837,7967
3838,7900
3839,7956
3840,7963
3841,7937
3842,7960
3843,7997
3844,7992
3845,7982
3846,7996
3847,7915
3848,7965
3849,7917
3850,7900
3851,7988
3852,8036
3853,7904
3854,7954
3855,7993
3856,7949
3857,7985
3858,8000
3859,8025
3860,7923
3861,7947
3862,7871
3863,7925
3864,8033
3865,7966
3866,7970
3867,7987
3868,7994
3869,7960
3870,7924
3871,7871
3872,7969
3873,8032
3874,7939
3875,7918
3876,7982
3877,7952
3878,7930
3879,8026
3880,7971
3881,7930
3882,7965
3883,7944
3884,7964
3885,7998
3886,7970
3887,7944
3888,7957
3889,7959
3890,7980
3891,8029
3892,7913
3893,7966
3894,7967
3895,7966
3896,7938
3897,8011
3898,7922
3899,7970
3900,7997
3901,8003
3902,8019
3903,7958
3904,7937
3905,7889
3906,7961
3907,8010
3908,7952
3909,7989
3910,7954
3911,7985
3912,8024
3913,7992
3914,8002
3915,7941
3916,7969
3917,7959
3918,8018
3919,8005
3920,8007
3921,7965
3922,7948
3923,7998
3924,7950
3925,7927
3926,7932
3927,7931
3928,7971
3929,7902
3930,7954
3931,7951
3932,8031
3933,7992
3934,7925
3935,7996
3936,7959
3937,7981
3938,7983
3939,8001
3940,7994
3941,7910
3942,7905
3943,7984
3944,7986
3945,7908
3946,7916
3947,7890
3948,7954
3949,7985
3950,7959
3951,8027
3952,7985
3953,7923
3954,7987
3955,8002
3956,7988
3957,7936
3958,7999
3959,7938
3960,7993
3961,7922
3962,8032
3963,7952
3964,7954
3965,7948
3966,8034
3967,7992
3968,7992
3969,7890
3970,7934
3971,7941
3972,7882
3973,7981
3974,8000
3975,7979
3976,7962
3977,7956
3978,7958
3979,7947
3980,7908
3981,7995
3982,7987
3983,8027
3984,8009
3985,7947
3986,7972
3987,7988
3988,7923
3989,7959
3990,7911
3991,7997
3992,8027
3993,8028
3994,7916
3995,7941
3996,7999
3997,7972
3998,7908
3999,8022
4000,8006
4001,7943
4002,7989
4003,7995
4004,7968
4005,8032
4006,8005
4007,8034
4008,7995
4009,7944
4010,8012
4011,7965
4012,7946
4013,7993
4014,8003
4015,8033
4016,8023
4017,7922
4018,7954
4019,8005
4020,8004
4021,7962
4022,7974
4023,7973
4024,7972
4025,7947
4026,7958
4027,7986
4028,7955
4029,7977
4030,8028
4031,7975
4032,7921
4033,7954
4034,7919
4035,7970
4036,8017
4037,7961
4038,7981
4039,8014
4040,8014
4041,8029
4042,7990
4043,7952
4044,7850
4045,8005
4046,8021
4047,8026
4048,8024
4049,7980
4050,7919
4051,7936
4052,8010
4053,7987
4054,7933
4055,7901
4056,7973
4057,7960
4058,7925
4059,8009
4060,7913
4061,8016
4062,8014
4063,7990
4064,7914
4065,8017
4066,7990
4067,7905
4068,8001
4069,7981
4070,7942
4071,7988
4072,8013
4073,8030
4074,8022
4075,7981
4076,7978
4077,8007
4078,8025
4079,7937
4080,7989
4081,7957
4082,7956
4083,7893
4084,7936
4085,8021
4086,7966
4087,7946
4088,7987
4089,7938
4090,7910
4091,7967
4092,7923
4093,8013
4094,8014
4095,7989
4096,8008
4097,7973
4098,7991
4099,7951
4100,7990
4101,7927
4102,8007
4103,7845
4104,7955
4105,7883
4106,7961
4107,7974
4108,8019
4109,7952
4110,7992
4111,8012
4112,7973
4113,7922
4114,7931
4115,7885
4116,7961
4117,8004
4118,7951
4119,7934
4120,7947
4121,7991
4122,7912
4123,7919
4124,7921
4125,8012
4126,7990
4127,7885
4128,7900
4129,7989
4130,7893
4131,7869
4132,7989
4133,7956
4134,7970
4135,7971
4136,7977
4137,7916
4138,8019
4139,8004
4140,8001
4141,7976
4142,7964
4143,8020
4144,7989
4145,8004
4146,7954
4147,7879
4148,8022
4149,7959
4150,7998
4151,8002
4152,8034
4153,7906
4154,7906
4155,8014
4156,7939
4157,7922
4158,7988
4159,7990
4160,7911
4161,7943
4162,8026
4163,7986
4164,7986
4165,7941
4166,7986
4167,8027
4168,7989
4169,7971
4170,7951
4171,8016
4172,7972
4173,7995
4174,7998
4175,8062
4176,8055
4177,8055
4178,8062
4179,8052
4180,8040
4181,8049
4182,8046
4183,8053
4184,8049
4185,8047
4186,8051
4187,8042
4188,8059
4189,8045
4190,8059
4191,8037
4192,8045
4193,8060
4194,8050
4195,8042
4196,8048
4197,8053
4198,8051
4199,8052
4200,8038
4201,8060
4202,8044
4203,8051
4204,8042
4205,8037
4206,8036
4207,8039
4208,8042
4209,8043
4210,8048
4211,8051
4212,8047
4213,8049
4214,8045
4215,8062
4216,8049
4217,8040
4218,8041
4219,8039
4220,8049
4221,8055
4222,8058
4223,8038
4224,8061
4225,8043
4226,8048
4227,8055
4228,8053
4229,8045
4230,8036
4231,8042
4232,8041
4233,8059
4234,8045
4235,8037
4236,8041
4237,8052
4238,8045
4239,8048
4240,8037
4241,8047
4242,8052
4243,8052
4244,8061
4245,8039
4246,8042
4247,8048
4248,8051
4249,8057
4250,8062
4251,8058
4252,8036
4253,8036
4254,8060
4255,8038
4256,8054
4257,8052
4258,8043
4259,8048
4260,8048
4261,8040
4262,8062
4263,8039
4264,8050
4265,8051
4266,8042
4267,8056
4268,8039
4269,8042
4270,8053
4271,8044
4272,8041
4273,8040
4274,8058
4275,8040
4276,8053
4277,8055
4278,8055
4279,8051
4280,8049
4281,8059
4282,8059
4283,8058
4284,8047
4285,8038
4286,8044
4287,8046
4288,8050
4289,8045
4290,8043
4291,8055
4292,8043
4293,8062
4294,8050
4295,8043
4296,8049
4297,8044
4298,8056
4299,8056
4300,8062
4301,8042
4302,8061
4303,8056
4304,8053
4305,8048
4306,8041
4307,8057
4308,8041
4309,8044
4310,8037
4311,8040
4312,8057
4313,8043
4314,8043
4315,8043
4316,8054
4317,8060
4318,8048
4319,8057
4320,8040
4321,8047
4322,8060
4323,8039
4324,8044
4325,8044
4326,8055
4327,8043
4328,8038
4329,8048
4330,8041
4331,8061
4332,8051
4333,8059
4334,8048
4335,8061
4336,8042
4337,8059
4338,8042
4339,8059
4340,8045
4341,8045
4342,8044
4343,8057
4344,8041
4345,8046
4346,8044
4347,8057
4348,8036
4349,8053
4350,8043
4351,8043
4352,8044
4353,8061
4354,8057
4355,8044
4356,8051
4357,8040
4358,8055
4359,8052
4360,8043
4361,8041
4362,8046
4363,8038
4364,8055
4365,8045
4366,8038
4367,8060
4368,8060
4369,8052
4370,8055
4371,8054
4372,8055
4373,8061
4374,8046
4375,8036
4376,8039
4377,8058
4378,8051
4379,8043
4380,8046
4381,8039
4382,8049
4383,8058
4384,8052
4385,8045
4386,8054
4387,8036
4388,8054
4389,8036
4390,8056
4391,8040
4392,8039
4393,8047
4394,8039
4395,8050
4396,8056
4397,8048
4398,8051
4399,8046
4400,8039
4401,8060
4402,8044
4403,8038
4404,8046
4405,8047
4406,8058
4407,8039
4408,8057
4409,8036
4410,8037
4411,8057
4412,8059
4413,8062
4414,8055
4415,8062
4416,8039
4417,8040
4418,8049
4419,8061
4420,8061
4421,8047
4422,8050
4423,8039
4424,8040
4425,8055
4426,8049
4427,8056
4428,8053
4429,8050
4430,8038
4431,8041
4432,8058
4433,8060
4434,8055
4435,8037
4436,8039
4437,8058
4438,8041
4439,8054
4440,8041
4441,8053
4442,8044
4443,8060
4444,8051
4445,8043
4446,8059
4447,8059
4448,8039
4449,8052
4450,8052
4451,8040
4452,8038
4453,8047
4454,8038
4455,8055
4456,8050
4457,8047
4458,8039
4459,8042
4460,8036
4461,8037
4462,8047
4463,8045
4464,8041
4465,8047
4466,8058
4467,8043
4468,8036
4469,8039
4470,8045
4471,8043
4472,8053
4473,8053
4474,8061
4475,8045
4476,8043
4477,8047
4478,8056
4479,8045
4480,8040
4481,8037
4482,8057
4483,8052
4484,8043
4485,8043
4486,8037
4487,8050
4488,8051
4489,8055
4490,8059
4491,8040
4492,8045
4493,8036
4494,8043
4495,8044
4496,8052
4497,8043
4498,8054
4499,8054
4500,8042
4501,8040
4502,8055
4503,8059
4504,8060
4505,8047
4506,8060
4507,8057
4508,8047
4509,8036
4510,8047
4511,8051
4512,8060
4513,8055
4514,8046
4515,8056
4516,8042
4517,8039
4518,8055
4519,8046
4520,8061
4521,8058
4522,8054
4523,8057
4524,8045
4525,8037
4526,8046
4527,8051
4528,8037
4529,8059
4530,8048
4531,8040
4532,8046
4533,8058
4534,8059
4535,8043
4536,8058
4537,8062
4538,8061
4539,8040
4540,8047
4541,8045
4542,8044
4543,8040
4544,8046
4545,8062
4546,8037
4547,8058
4548,8046
4549,8038
4550,8043
4551,8038
4552,8044
4553,8043
4554,8055
4555,8044
4556,8038
4557,8048
4558,8039
4559,8050
4560,8045
4561,8042
4562,8052
4563,8054
4564,8058
4565,8055
4566,8039
4567,8046
4568,8056
4569,8056
4570,8038
4571,8041
4572,8046
4573,8042
4574,8043
4575,8060
4576,8054
4577,8059
4578,8043
4579,8044
4580,8037
4581,8058
4582,8037
4583,8055
4584,8037
4585,8038
4586,8047
4587,8039
4588,8040
4589,8045
4590,8042
4591,8050
4592,8055
4593,8050
4594,8054
4595,8050
4596,8059
4597,8043
4598,8055
4599,8059
4600,8036
4601,8040
4602,8040
4603,8038
4604,8041
4605,8057
4606,8050
4607,8062
4608,8049
4609,8042
4610,8053
4611,8038
4612,8038
4613,8041
4614,8047
4615,8047
4616,8039
4617,8047
4618,8060
4619,8041
4620,8047
4621,8043
4622,8055
4623,8055
4624,8042
4625,8062
4626,8059
4627,8045
4628,8042
4629,8057
4630,8046
4631,8056
4632,8039
4633,8051
4634,8037
4635,8042
4636,8040
4637,8054
4638,8050
4639,8036
4640,8052
4641,8058
4642,8054
4643,8054
4644,8038
4645,8047
4646,8038
4647,8053
4648,8042
4649,8055
4650,8052
4651,8041
4652,8049
4653,8036
4654,8047
4655,8040
4656,8043
4657,8055
4658,8050
4659,8038
4660,8056
4661,8056
4662,8045
4663,8060
4664,8039
4665,8039
4666,8047
4667,8057
4668,8050
4669,8060
4670,8042
4671,8060
4672,8041
4673,8060
4674,8041
4675,8060
4676,8044
4677,8055
4678,8038
4679,8037
4680,8037
4681,8040
4682,8053
4683,8044
4684,8057
4685,8052
4686,8049
4687,8062
4688,8060
4689,8061
4690,8061
4691,8037
4692,8043
4693,8048
4694,8055
4695,8041
4696,8049
4697,8046
4698,8043
4699,8043
4700,8041
4701,8041
4702,8039
4703,8043
4704,8050
4705,8047
4706,8036
4707,8056
4708,8057
4709,8044
4710,8046
4711,8059
4712,8050
4713,8044
4714,8046
4715,8042
4716,8037
4717,8041
4718,8057
4719,8041
4720,8046
4721,8055
4722,8045
4723,8047
4724,8036
4725,8036
4726,8059
4727,8046
4728,8048
4729,8046
4730,8042
4731,8040
4732,8046
4733,8059
4734,8037
4735,8050
4736,8042
4737,8041
4738,8036
4739,8041
4740,8060
4741,8039
4742,8056
4743,8062
4744,8047
4745,8048
4746,8057
4747,8048
4748,8060
4749,8040
4750,8055
4751,8045
4752,8060
4753,8042
4754,8039
4755,8057
4756,8056
4757,8045
4758,8047
4759,8047
4760,8038
4761,8058
4762,8041
4763,8042
4764,8060
4765,8054
4766,8068
4767,8065
4768,8065
4769,8065
4770,8064
4771,8064
4772,8066
4773,8066
4774,8065
4775,8065
4776,8066
4777,8065
4778,8067
4779,8066
4780,8067
4781,8064
4782,8067
4783,8062
4784,8062
4785,8064
4786,8065
4787,8063
4788,8068
4789,8065
4790,8066
4791,8067
4792,8066
4793,8067
4794,8062
4795,8067
4796,8066
4797,8062
4798,8068
4799,8067
4800,8065
4801,8066
4802,8065
4803,8066
4804,8066
4805,8062
4806,8063
4807,8064
4808,8064
4809,8066
4810,8063
4811,8063
4812,8065
4813,8067
4814,8067
4815,8064
4816,8064
4817,8067
4818,8068
4819,8065
4820,8063
4821,8068
4822,8066
4823,8065
4824,8062
4825,8065
4826,8066
4827,8063
4828,8066
4829,8066
4830,8064
4831,8062
4832,8067
4833,8067
4834,8065
4835,8067
4836,8063
4837,8063
4838,8063
4839,8068
4840,8063
4841,8063
4842,8065
4843,8063
4844,8068
4845,8066
4846,8064
4847,8067
4848,8067
4849,8064
4850,8064
4851,8066
4852,8065
4853,8068
4854,8064
4855,8065
4856,8063
4857,8065
4858,8067
4859,8068
4860,8063
4861,8062
4862,8064
4863,8063
4864,8067
4865,8066
4866,8066
4867,8067
4868,8065
4869,8067
4870,8067
4871,8062
4872,8073
4873,8070
4874,8069
4875,8072
4876,8072
4877,8072
4878,8071
4879,8071
4880,8072
4881,8071
4882,8071
4883,8069
4884,8072
4885,8070
4886,8071
4887,8072
4888,8072
4889,8069
4890,8068
4891,8070
4892,8071
4893,8069
4894,8069
4895,8071
4896,8071
4897,8071
4898,8071
4899,8069
4900,8070
4901,8070
4902,8072
4903,8070
4904,8071
4905,8072
4906,8073
4907,8069
4908,8072
4909,8070
4910,8072
4911,8070
4912,8073
4913,8069
4914,8071
4915,8072
4916,8071
4917,8071
4918,8071
4919,8068
4920,8070
4921,8072
4922,8069
4923,8070
4924,8071
4925,8069
4926,8070
4927,8071
4928,8071
4929,8068
4930,8072
4931,8069
4932,8072
4933,8072
4934,8069
4935,8071
4936,8068
4937,8070
4938,8068
4939,8072
4940,8069
4941,8069
4942,8069
4943,8068
4944,8068
4945,8070
4946,8076
4947,8073
4948,8075
4949,8075
4950,8074
4951,8075
4952,8075
4953,8074
4954,8075
4955,8076
4956,8074
4957,8075
4958,8074
4959,8075
4960,8075
4961,8074
4962,8074
4963,8075
4964,8074
4965,8075
4966,8074
4967,8074
4968,8073
4969,8073
4970,8073
4971,8076
4972,8074
4973,8073
4974,8074
4975,8074
4976,8073
4977,8075
4978,8075
4979,8075
4980,8074
4981,8073
4982,8076
4983,8074
4984,8074
4985,8075
4986,8075
4987,8074
4988,8074
4989,8075
4990,8074
4991,8076
4992,8075
4993,8076
4994,8076
4995,8076
4996,8076
4997,8076
4998,8076
4999,8076
5000,8076
5001,8077
5002,8077
5003,8077
5004,8077
5005,8079
5006,8078
5007,8078
5008,8078
5009,8077
5010,8077
5011,8077
5012,8077
5013,8078
5014,8079
5015,8077
5016,8077
5017,8077
5018,8077
5019,8078
5020,8078
5021,8077
5022,8079
5023,8077
5024,8078
5025,8078
5026,8078
5027,8078
5028,8078
5029,8078
5030,8078
5031,8077
5032,8078
5033,8077
5034,8079
5035,8079
5036,8084
5037,8083
5038,8084
5039,8085
5040,8080
5041,8087
5042,8084
5043,8088
5044,8087
5045,8083
5046,8082
5047,8082
5048,8087
5049,8082
5050,8084
5051,8087
5052,8080
5053,8081
5054,8085
5055,8086
5056,8082
5057,8086
5058,8089
5059,8086
5060,8084
5061,8088
5062,8089
5063,8087
5064,8080
5065,8081
5066,8087
5067,8086
5068,8084
5069,8080
5070,8089
5071,8081
5072,8081
5073,8089
5074,8087
5075,8081
5076,8082
5077,8080
5078,8082
5079,8080
5080,8081
5081,8084
5082,8081
5083,8084
5084,8084
5085,8082
5086,8082
5087,8079
5088,8080
5089,8085
5090,8079
5091,8081
5092,8083
5093,8084
5094,8080
5095,8080
5096,8084
5097,8085
5098,8083
5099,8082
5100,8080
5101,8082
5102,8085
5103,8084
5104,8085
5105,8088
5106,8083
5107,8082
5108,8084
5109,8085
5110,8079
5111,8079
5112,8088
5113,8083
5114,8079
5115,8080
5116,8083
5117,8086
5118,8080
5119,8085
5120,8083
5121,8087
5122,8084
5123,8088
5124,8080
5125,8080
5126,8088
5127,8083
5128,8080
5129,8085
5130,8089
5131,8081
5132,8083
5133,8081
5134,8082
5135,8079
5136,8080
5137,8089
5138,8082
5139,8080
5140,8083
5141,8087
5142,8081
5143,8082
5144,8080
5145,8085
5146,8083
5147,8080
5148,8079
5149,8086
5150,8088
5151,8081
5152,8088
5153,8084
5154,8085
5155,8084
5156,8083
5157,8080
5158,8081
5159,8080
5160,8083
5161,8084
5162,8085
5163,8080
5164,8089
5165,8079
5166,8086
5167,8087
5168,8081
5169,8081
5170,8087
5171,8083
5172,8085
5173,8081
5174,8081
5175,8082
5176,8085
5177,8087
5178,8080
5179,8089
5180,8085
5181,8084
5182,8086
5183,8088
5184,8087
5185,8082
5186,8081
5187,8083
5188,8085
5189,8082
5190,8083
5191,8081
5192,8082
5193,8081
5194,8088
5195,8084
5196,8082
5197,8081
5198,8087
5199,8082
5200,8085
5201,8082
5202,8088
5203,8080
5204,8086
5205,8085
5206,8084
5207,8080
5208,8080
5209,8080
5210,8082
5211,8085
5212,8081
5213,8080
5214,8085
5215,8087
5216,8080
5217,8086
5218,8083
5219,8079
5220,8122
5221,8094
5222,8101
5223,8108
5224,8122
5225,8114
5226,8105
5227,8112
5228,8119
5229,8120
5230,8118
5231,8116
5232,8105
5233,8121
5234,8100
5235,8120
5236,8092
5237,8098
5238,8107
5239,8121
5240,8122
5241,8112
5242,8111
5243,8117
5244,8092
5245,8105
5246,8098
5247,8091
5248,8089
5249,8118
5250,8119
5251,8123
5252,8114
5253,8112
5254,8106
5255,8108
5256,8106
5257,8104
5258,8097
5259,8110
5260,8094
5261,8108
5262,8112
5263,8111
5264,8120
5265,8094
5266,8091
5267,8106
5268,8105
5269,8121
5270,8089
5271,8089
5272,8107
5273,8119
5274,8097
5275,8094
5276,8092
5277,8094
5278,8122
5279,8115
5280,8117
5281,8101
5282,8101
5283,8121
5284,8122
5285,8105
5286,8121
5287,8120
5288,8108
5289,8115
5290,8101
5291,8106
5292,8117
5293,8094
5294,8103
5295,8105
5296,8118
5297,8113
5298,8114
5299,8108
5300,8122
5301,8101
5302,8092
5303,8122
5304,8105
5305,8101
5306,8096
5307,8102
5308,8093
5309,8117
5310,8099
5311,8120
5312,8121
5313,8100
5314,8100
5315,8120
5316,8089
5317,8096
5318,8093
5319,8118
5320,8121
5321,8112
5322,8094
5323,8119
5324,8101
5325,8091
5326,8103
5327,8118
5328,8102
5329,8094
5330,8112
5331,8092
5332,8101
5333,8094
5334,8099
5335,8094
5336,8116
5337,8096
5338,8109
5339,8098
5340,8116
5341,8103
5342,8104
5343,8098
5344,8115
5345,8094
5346,8118
5347,8117
5348,8118
5349,8117
5350,8108
5351,8109
5352,8099
5353,8092
5354,8110
5355,8104
5356,8122
5357,8093
5358,8090
5359,8092
5360,8120
5361,8113
5362,8097
5363,8106
5364,8098
5365,8122
5366,8099
5367,8109
5368,8099
5369,8119
5370,8119
5371,8121
5372,8109
5373,8114
5374,8110
5375,8092
5376,8089
5377,8117
5378,8099
5379,8123
5380,8111
5381,8116
5382,8119
5383,8100
5384,8102
5385,8103
5386,8109
5387,8115
5388,8098
5389,8111
5390,8095
5391,8100
5392,8099
5393,8107
5394,8104
5395,8101
5396,8109
5397,8096
5398,8097
5399,8105
5400,8120
5401,8106
5402,8111
5403,8122
5404,8119
5405,8121
5406,8117
5407,8096
5408,8092
5409,8110
5410,8095
5411,8117
5412,8118
5413,8094
5414,8092
5415,8094
5416,8101
5417,8097
5418,8095
5419,8123
5420,8103
5421,8093
5422,8096
5423,8103
5424,8101
5425,8090
5426,8103
5427,8099
5428,8100
5429,8092
5430,8109
5431,8095
5432,8112
5433,8121
5434,8094
5435,8104
5436,8094
5437,8113
5438,8096
5439,8116
5440,8115
5441,8108
5442,8118
5443,8100
5444,8098
5445,8116
5446,8101
5447,8114
5448,8110
5449,8117
5450,8094
5451,8089
5452,8106
5453,8106
5454,8103
5455,8112
5456,8102
5457,8111
5458,8099
5459,8118
5460,8093
5461,8114
5462,8095
5463,8097
5464,8106
5465,8120
5466,8118
5467,8104
5468,8100
5469,8095
5470,8094
5471,8095
5472,8113
5473,8107
5474,8104
5475,8114
5476,8123
5477,8097
5478,8113
5479,8090
5480,8102
5481,8099
5482,8099
5483,8098
5484,8094
5485,8117
5486,8111
5487,8096
5488,8112
5489,8122
5490,8121
5491,8106
5492,8119
5493,8090
5494,8094
5495,8099
5496,8102
5497,8101
5498,8122
5499,8105
5500,8117
5501,8114
5502,8121
5503,8093
5504,8114
5505,8099
5506,8097
5507,8103
5508,8112
5509,8115
5510,8106
5511,8109
5512,8120
5513,8114
5514,8100
5515,8111
5516,8122
5517,8118
5518,8108
5519,8110
5520,8117
5521,8108
5522,8115
5523,8098
5524,8090
5525,8120
5526,8122
5527,8096
5528,8103
5529,8100
5530,8092
5531,8089
5532,8106
5533,8118
5534,8115
5535,8096
5536,8112
5537,8119
5538,8097
5539,8116
5540,8113
5541,8101
5542,8110
5543,8096
5544,8113
5545,8089
5546,8115
5547,8094
5548,8112
5549,8119
5550,8102
5551,8107
5552,8090
5553,8093
5554,8122
5555,8096
5556,8093
5557,8109
5558,8120
5559,8105
5560,8121
5561,8109
5562,8096
5563,8118
5564,8110
5565,8118
5566,8089
5567,8102
5568,8114
5569,8115
5570,8116
5571,8098
5572,8106
5573,8113
5574,8116
5575,8108
5576,8098
5577,8094
5578,8115
5579,8117
5580,8111
5581,8116
5582,8121
5583,8094
5584,8119
5585,8109
5586,8117
5587,8117
5588,8113
5589,8101
5590,8092
5591,8091
5592,8093
5593,8123
5594,8104
5595,8097
5596,8119
5597,8101
5598,8117
5599,8113
5600,8099
5601,8119
5602,8096
5603,8097
5604,8103
5605,8100
5606,8100
5607,8117
5608,8122
5609,8106
5610,8104
5611,8098
5612,8102
5613,8093
5614,8107
5615,8096
5616,8115
5617,8122
5618,8111
5619,8112
5620,8116
5621,8117
5622,8097
5623,8118
5624,8103
5625,8104
5626,8102
5627,8092
5628,8110
5629,8103
5630,8107
5631,8102
5632,8102
5633,8106
5634,8105
5635,8090
5636,8102
5637,8104
5638,8095
5639,8101
5640,8118
5641,8095
5642,8097
5643,8098
5644,8097
5645,8092
5646,8091
5647,8093
5648,8089
5649,8115
5650,8100
5651,8118
5652,8108
5653,8114
5654,8089
5655,8113
5656,8104
5657,8114
5658,8111
5659,8100
5660,8090
5661,8100
5662,8101
5663,8103
5664,8095
5665,8091
5666,8113
5667,8123
5668,8104
5669,8112
5670,8096
5671,8100
5672,8122
5673,8104
5674,8095
5675,8121
5676,8101
5677,8098
5678,8090
5679,8093
5680,8112
5681,8105
5682,8093
5683,8120
5684,8109
5685,8108
5686,8103
5687,8117
5688,8112
5689,8115
5690,8117
5691,8118
5692,8100
5693,8116
5694,8097
5695,8106
5696,8122
5697,8090
5698,8100
5699,8106
5700,8113
5701,8103
5702,8103
5703,8121
5704,8105
5705,8118
5706,8112
5707,8100
5708,8103
5709,8110
5710,8102
5711,8093
5712,8103
5713,8093
5714,8099
5715,8117
5716,8100
5717,8114
5718,8101
5719,8120
5720,8095
5721,8111
5722,8120
5723,8114
5724,8115
5725,8121
5726,8092
5727,8098
5728,8112
5729,8106
5730,8092
5731,8115
5732,8109
5733,8093
5734,8100
5735,8098
5736,8094
5737,8110
5738,8102
5739,8117
5740,8106
5741,8119
5742,8101
5743,8114
5744,8114
5745,8123
5746,8187
5747,8186
5748,8218
5749,8214
5750,8135
5751,8135
5752,8130
5753,8124
5754,8158
5755,8158
5756,8172
5757,8187
5758,8136
5759,8166
5760,8234
5761,8215
5762,8159
5763,8138
5764,8130
5765,8181
5766,8199
5767,8163
5768,8129
5769,8213
5770,8137
5771,8240
5772,8170
5773,8141
5774,8160
5775,8156
5776,8161
5777,8160
5778,8128
5779,8230
5780,8137
5781,8166
5782,8151
5783,8197
5784,8164
5785,8177
5786,8162
5787,8148
5788,8235
5789,8168
5790,8160
5791,8157
5792,8222
5793,8193
5794,8154
5795,8123
5796,8192
5797,8189
5798,8133
5799,8225
5800,8234
5801,8224
5802,8142
5803,8133
5804,8170
5805,8153
5806,8137
5807,8192
5808,8219
5809,8145
5810,8180
5811,8124
5812,8190
5813,8147
5814,8156
5815,8187
5816,8210
5817,8164
5818,8240
5819,8211
5820,8142
5821,8179
5822,8243
5823,8245
5824,8194
5825,8216
5826,8162
5827,8221
5828,8125
5829,8171
5830,8165
5831,8175
5832,8204
5833,8176
5834,8200
5835,8188
5836,8210
5837,8148
5838,8211
5839,8126
5840,8188
5841,8169
5842,8236
5843,8157
5844,8151
5845,8131
5846,8125
5847,8140
5848,8137
5849,8124
5850,8162
5851,8205
5852,8158
5853,8132
5854,8226
5855,8161
5856,8183
5857,8128
5858,8244
5859,8223
5860,8181
5861,8124
5862,8149
5863,8155
5864,8127
5865,8214
5866,8152
5867,8242
5868,8203
5869,8191
5870,8142
5871,8125
5872,8244
5873,8130
5874,8126
5875,8148
5876,8238
5877,8175
5878,8186
5879,8230
5880,8188
5881,8159
5882,8187
5883,8225
5884,8150
5885,8184
5886,8139
5887,8137
5888,8137
5889,8196
5890,8174
5891,8215
5892,8134
5893,8129
5894,8169
5895,8244
5896,8213
5897,8202
5898,8160
5899,8218
5900,8123
5901,8240
5902,8136
5903,8218
5904,8238
5905,8156
5906,8168
5907,8169
5908,8178
5909,8190
5910,8202
5911,8129
5912,8211
5913,8159
5914,8203
5915,8162
5916,8141
5917,8213
5918,8233
5919,8194
5920,8228
5921,8134
5922,8144
5923,8228
5924,8180
5925,8167
5926,8135
5927,8137
5928,8226
5929,8176
5930,8125
5931,8139
5932,8123
5933,8138
5934,8233
5935,8160
5936,8173
5937,8147
5938,8135
5939,8202
5940,8167
5941,8138
5942,8156
5943,8142
5944,8212
5945,8145
5946,8218
5947,8124
5948,8239
5949,8172
5950,8133
5951,8151
5952,8123
5953,8163
5954,8125
5955,8204
5956,8234
5957,8125
5958,8199
5959,8218
5960,8219
5961,8132
5962,8200
5963,8130
5964,8154
5965,8125
5966,8229
5967,8157
5968,8195
5969,8146
5970,8172
5971,8173
5972,8158
5973,8221
5974,8203
5975,8180
5976,8163
5977,8131
5978,8172
5979,8239
5980,8144
5981,8125
5982,8179
5983,8186
5984,8134
5985,8149
5986,8233
5987,8124
5988,8126
5989,8166
5990,8134
5991,8127
5992,8213
5993,8229
5994,8205
5995,8149
5996,8167
5997,8193
5998,8179
5999,8227
6000,8226
6001,8156
6002,8229
6003,8147
6004,8157
6005,8134
6006,8213
6007,8146
6008,8133
6009,8132
6010,8126
6011,8140
6012,8231
6013,8243
6014,8162
6015,8141
6016,8165
6017,8140
6018,8184
6019,8162
6020,8244
6021,8199
6022,8133
6023,8213
6024,8185
6025,8221
6026,8137
6027,8175
6028,8127
6029,8226
6030,8218
6031,8171
6032,8157
6033,8133
6034,8211
6035,8188
6036,8133
6037,8168
6038,8184
6039,8204
6040,8238
6041,8195
6042,8216
6043,8151
6044,8232
6045,8175
6046,8130
6047,8244
6048,8203
6049,8192
6050,8213
6051,8195
6052,8197
6053,8130
6054,8144
6055,8153
6056,8130
6057,8229
6058,8187
6059,8228
6060,8239
6061,8199
6062,8227
6063,8158
6064,8201
6065,8154
6066,8196
6067,8242
6068,8220
6069,8236
6070,8195
6071,8218
6072,8176
6073,8218
6074,8182
6075,8131
6076,8127
6077,8147
6078,8245
6079,8166
6080,8174
6081,8228
6082,8243
6083,8148
6084,8159
6085,8125
6086,8200
6087,8166
6088,8228
6089,8174
6090,8201
6091,8223
6092,8193
6093,8150
6094,8149
6095,8149
6096,8171
6097,8128
6098,8201
6099,8136
6100,8176
6101,8191
6102,8235
6103,8143
6104,8145
6105,8182
6106,8230
6107,8158
6108,8174
6109,8211
6110,8158
6111,8139
6112,8174
6113,8243
6114,8186
6115,8144
6116,8131
6117,8164
6118,8160
6119,8205
6120,8199
6121,8173
6122,8226
6123,8194
6124,8140
6125,8142
6126,8127
6127,8151
6128,8147
6129,8219
6130,8188
6131,8148
6132,8136
6133,8128
6134,8149
6135,8202
6136,8233
6137,8217
6138,8125
6139,8156
6140,8163
6141,8138
6142,8192
6143,8126
6144,8165
6145,8152
6146,8192
6147,8181
6148,8158
6149,8192
6150,8139
6151,8127
6152,8134
6153,8153
6154,8127
6155,8123
6156,8131
6157,8218
6158,8178
6159,8238
6160,8127
6161,8244
6162,8151
6163,8133
6164,8149
6165,8154
6166,8159
6167,8139
6168,8198
6169,8184
6170,8138
6171,8143
6172,8157
6173,8216
6174,8179
6175,8171
6176,8166
6177,8164
6178,8133
6179,8132
6180,8126
6181,8197
6182,8197
6183,8192
6184,8136
6185,8193
6186,8242
6187,8168
6188,8167
6189,8141
6190,8244
6191,8165
6192,8147
6193,8206
6194,8136
6195,8212
6196,8235
6197,8214
6198,8224
6199,8137
6200,8173
6201,8157
6202,8174
6203,8127
6204,8144
6205,8153
6206,8223
6207,8173
6208,8149
6209,8224
6210,8156
6211,8241
6212,8193
6213,8205
6214,8206
6215,8228
6216,8216
6217,8146
6218,8148
6219,8129
6220,8242
6221,8220
6222,8131
6223,8162
6224,8241
6225,8226
6226,8154
6227,8146
6228,8137
6229,8125
6230,8149
6231,8146
6232,8197
6233,8160
6234,8196
6235,8127
6236,8139
6237,8187
6238,8192
6239,8178
6240,8235
6241,8199
6242,8127
6243,8174
6244,8162
6245,8126
6246,8147
6247,8230
6248,8124
6249,8201
6250,8228
6251,8160
6252,8222
6253,8245
6254,8172
6255,8226
6256,8156
6257,8173
6258,8126
6259,8149
6260,8131
6261,8140
6262,8208
6263,8206
6264,8201
6265,8211
6266,8147
6267,8204
6268,8127
6269,8128
6270,8173
6271,8178
6272,8202
6273,8129
6274,8152
6275,8167
6276,8166
6277,8138
6278,8173
6279,8196
6280,8226
6281,8124
6282,8245
6283,8240
6284,8238
6285,8198
6286,8185
6287,8134
6288,8178
6289,8220
6290,8210
6291,8132
6292,8146
6293,8153
6294,8240
6295,8154
6296,8193
6297,8170
6298,8163
6299,8194
6300,8245
6301,8183
6302,8138
6303,8125
6304,8232
6305,8130
6306,8191
6307,8127
6308,8198
6309,8181
6310,8241
6311,8137
6312,8142
6313,8128
6314,8165
6315,8221
6316,8158
6317,8185
6318,8225
6319,8142
6320,8170
6321,8200
6322,8191
6323,8126
6324,8235
6325,8140
6326,8153
6327,8153
6328,8129
6329,8129
6330,8161
6331,8156
6332,8140
6333,8166
6334,8145
6335,8133
6336,8163
6337,8158
6338,8233
6339,8243
6340,8147
6341,8133
6342,8222
6343,8239
6344,8200
6345,8175
6346,8240
6347,8222
6348,8139
6349,8132
6350,8234
6351,8208
6352,8180
6353,8206
6354,8142
6355,8186
6356,8139
6357,8135
6358,8187
6359,8239
6360,8175
6361,8243
6362,8129
6363,8221
6364,8181
6365,8198
6366,8130
6367,8181
6368,8240
6369,8198
6370,8142
6371,8160
6372,8138
6373,8187
6374,8134
6375,8161
6376,8231
6377,8166
6378,8156
6379,8140
6380,8173
6381,8228
6382,8135
6383,8242
6384,8167
6385,8243
6386,8190
6387,8239
6388,8198
6389,8229
6390,8216
6391,8133
6392,8134
6393,8139
6394,8246
6395,8237
6396,8133
6397,8167
6398,8217
6399,8230
6400,8151
6401,8164
6402,8138
6403,8147
6404,8143
6405,8130
6406,8203
6407,8203
6408,8139
6409,8196
6410,8125
6411,8155
6412,8169
6413,8124
6414,8160
6415,8235
6416,8163
6417,8146
6418,8240
6419,8174
6420,8180
6421,8135
6422,8150
6423,8200
6424,8147
6425,8127
6426,8202
6427,8125
6428,8194
6429,8201
6430,8168
6431,8123
6432,8168
6433,8136
6434,8158
6435,8222
6436,8241
6437,8236
6438,8201
6439,8244
6440,8158
6441,8197
6442,8221
6443,8172
6444,8188
6445,8134
6446,8241
6447,8167
6448,8141
6449,8183
6450,8204
6451,8199
6452,8156
6453,8125
6454,8157
6455,8206
6456,8202
6457,8144
6458,8210
6459,8220
6460,8219
6461,8207
6462,8131
6463,8236
6464,8164
6465,8199
6466,8158
6467,8128
6468,8192
6469,8153
6470,8149
6471,8131
6472,8187
6473,8143
6474,8205
6475,8133
6476,8243
6477,8144
6478,8180
6479,8202
6480,8123
6481,8207
6482,8222
6483,8183
6484,8144
6485,8145
6486,8188
6487,8166
6488,8144
6489,8236
6490,8130
6491,8136
6492,8140
6493,8140
6494,8145
6495,8186
6496,8156
6497,8144
6498,8145
6499,8171
6500,8243
6501,8235
6502,8153
6503,8144
6504,8162
6505,8236
6506,8167
6507,8181
6508,8169
6509,8167
6510,8134
6511,8125
6512,8174
6513,8142
6514,8154
6515,8223
6516,8238
6517,8193
6518,8175
6519,8176
6520,8219
6521,8130
6522,8125
6523,8149
6524,8170
6525,8236
6526,8206
6527,8130
6528,8181
6529,8179
6530,8195
6531,8138
6532,8142
6533,8234
6534,8205
6535,8160
6536,8136
6537,8232
6538,8144
6539,8202
6540,8191
6541,8200
6542,8149
6543,8224
6544,8133
6545,8157
6546,8201
6547,8138
6548,8199
6549,8245
6550,8139
6551,8129
6552,8136
6553,8123
6554,8153
6555,8205
6556,8130
6557,8220
6558,8145
6559,8242
6560,8141
6561,8197
6562,8140
6563,8144
6564,8126
6565,8168
6566,8217
6567,8141
6568,8128
6569,8147
6570,8235
6571,8165
6572,8192
6573,8150
6574,8125
6575,8197
6576,8184
6577,8131
6578,8151
6579,8127
6580,8200
6581,8153
6582,8201
6583,8127
6584,8145
6585,8154
6586,8227
6587,8213
6588,8203
6589,8210
6590,8216
6591,8230
6592,8149
6593,8179
6594,8235
6595,8208
6596,8196
6597,8191
6598,8150
6599,8236
6600,8206
6601,8194
6602,8133
6603,8197
6604,8125
6605,8126
6606,8164
6607,8142
6608,8153
6609,8208
6610,8217
6611,8180
6612,8124
6613,8235
6614,8126
6615,8172
6616,8227
6617,8189
6618,8195
6619,8210
6620,8216
6621,8150
6622,8245
6623,8144
6624,8212
6625,8142
6626,8146
6627,8222
6628,8146
6629,8192
6630,8230
6631,8173
6632,8131
6633,8214
6634,8239
6635,8145
6636,8131
6637,8228
6638,8230
6639,8144
6640,8212
6641,8147
6642,8150
6643,8227
6644,8231
6645,8125
6646,8189
6647,8129
6648,8136
6649,8146
6650,8184
6651,8177
6652,8227
6653,8183
6654,8166
6655,8185
6656,8181
6657,8130
6658,8147
6659,8240
6660,8202
6661,8125
6662,8141
6663,8232
6664,8136
6665,8176
6666,8156
6667,8147
6668,8205
6669,8193
6670,8129
6671,8206
6672,8221
6673,8190
6674,8124
6675,8204
6676,8193
6677,8148
6678,8182
6679,8221
6680,8227
6681,8239
6682,8219
6683,8187
6684,8163
6685,8167
6686,8138
6687,8219
6688,8203
6689,8220
6690,8143
6691,8181
6692,8151
6693,8238
6694,8200
6695,8136
6696,8185
6697,8180
6698,8189
6699,8215
6700,8127
6701,8198
6702,8166
6703,8135
6704,8134
6705,8138
6706,8163
6707,8168
6708,8231
6709,8130
6710,8164
6711,8165
6712,8195
6713,8167
6714,8193
6715,8184
6716,8127
6717,8197
6718,8145
6719,8194
6720,8221
6721,8148
6722,8143
6723,8175
6724,8154
6725,8214
6726,8214
6727,8164
6728,8243
6729,8184
6730,8191
6731,8211
6732,8172
6733,8214
6734,8153
6735,8164
6736,8178
6737,8166
6738,8218
6739,8166
6740,8216
6741,8216
6742,8123
6743,8157
6744,8145
6745,8151
6746,8137
6747,8125
6748,8195
6749,8211
6750,8135
6751,8125
6752,8200
6753,8123
6754,8127
6755,8142
6756,8242
6757,8142
6758,8189
6759,8141
6760,8195
6761,8180
6762,8181
6763,8166
6764,8223
6765,8172
6766,8174
6767,8238
6768,8137
6769,8176
6770,8142
6771,8140
6772,8126
6773,8185
6774,8153
6775,8158
6776,8174
6777,8139
6778,8201
6779,8169
6780,8154
6781,8232
6782,8164
6783,8161
6784,8191
6785,8124
6786,8145
6787,8219
6788,8127
6789,8215
6790,8160
6791,8143
6792,8134
6793,8184
6794,8246
6795,8195
6796,8247
6797,8253
6798,8276
6799,8269
6800,8267
6801,8315
6802,8314
6803,8319
6804,8259
6805,8275
6806,8254
6807,8309
6808,8297
6809,8293
6810,8306
6811,8304
6812,8328
6813,8254
6814,8271
6815,8250
6816,8288
6817,8255
6818,8321
6819,8277
6820,8329
6821,8316
6822,8291
6823,8279
6824,8318
6825,8320
6826,8321
6827,8317
6828,8290
6829,8290
6830,8278
6831,8262
6832,8325
6833,8304
6834,8328
6835,8248
6836,8281
6837,8304
6838,8262
6839,8257
6840,8294
6841,8248
6842,8255
6843,8254
6844,8248
6845,8264
6846,8331
6847,8264
6848,8251
6849,8307
6850,8274
6851,8264
6852,8275
6853,8270
6854,8290
6855,8317
6856,8286
6857,8295
6858,8327
6859,8248
6860,8269
6861,8256
6862,8299
6863,8290
6864,8290
6865,8297
6866,8278
6867,8264
6868,8297
6869,8281
6870,8273
6871,8297
6872,8287
6873,8269
6874,8328
6875,8258
6876,8251
6877,8248
6878,8273
6879,8297
6880,8280
6881,8330
6882,8275
6883,8318
6884,8258
6885,8324
6886,8261
6887,8280
6888,8270
6889,8258
6890,8265
6891,8270
6892,8285
6893,8248
6894,8290
6895,8282
6896,8312
6897,8281
6898,8259
6899,8287
6900,8286
6901,8322
6902,8264
6903,8287
6904,8285
6905,8294
6906,8262
6907,8286
6908,8318
6909,8307
6910,8285
6911,8279
6912,8257
6913,8252
6914,8306
6915,8280
6916,8319
6917,8270
6918,8271
6919,8286
6920,8311
6921,8329
6922,8280
6923,8253
6924,8249
6925,8258
6926,8273
6927,8294
6928,8294
6929,8257
6930,8270
6931,8301
6932,8268
6933,8291
6934,8287
6935,8258
6936,8247
6937,8307
6938,8295
6939,8333
6940,8276
6941,8322
6942,8324
6943,8324
6944,8327
6945,8281
6946,8288
6947,8291
6948,8286
6949,8296
6950,8251
6951,8253
6952,8248
6953,8324
6954,8302
6955,8264
6956,8279
6957,8246
6958,8330
6959,8248
6960,8270
6961,8310
6962,8318
6963,8285
6964,8278
6965,8263
6966,8289
6967,8287
6968,8314
6969,8253
6970,8292
6971,8295
6972,8333
6973,8299
6974,8332
6975,8256
6976,8281
6977,8277
6978,8250
6979,8326
6980,8251
6981,8247
6982,8291
6983,8246
6984,8267
6985,8286
6986,8253
6987,8320
6988,8325
6989,8331
6990,8274
6991,8305
6992,8281
6993,8299
6994,8250
6995,8274
6996,8257
6997,8278
6998,8325
6999,8280
7000,8304
7001,8280
7002,8266
7003,8327
7004,8284
7005,8312
7006,8321
7007,8332
7008,8261
7009,8322
7010,8328
7011,8276
7012,8256
7013,8321
7014,8269
7015,8320
7016,8331
7017,8293
7018,8290
7019,8258
7020,8297
7021,8278
7022,8320
7023,8277
7024,8282
7025,8258
7026,8261
7027,8276
7028,8302
7029,8285
7030,8308
7031,8279
7032,8260
7033,8271
7034,8304
7035,8307
7036,8274
7037,8254
7038,8295
7039,8323
7040,8312
7041,8259
7042,8329
7043,8309
7044,8291
7045,8289
7046,8323
7047,8305
7048,8264
7049,8296
7050,8312
7051,8264
7052,8316
7053,8287
7054,8323
7055,8257
7056,8273
7057,8295
7058,8326
7059,8321
7060,8329
7061,8282
7062,8310
7063,8306
7064,8261
7065,8304
7066,8310
7067,8279
7068,8272
7069,8262
7070,8282
7071,8319
7072,8262
7073,8268
7074,8316
7075,8288
7076,8259
7077,8330
7078,8281
7079,8252
7080,8296
7081,8299
7082,8307
7083,8264
7084,8296
7085,8323
7086,8263
7087,8249
7088,8308
7089,8330
7090,8280
7091,8289
7092,8286
7093,8320
7094,8265
7095,8322
7096,8268
7097,8318
7098,8303
7099,8284
7100,8283
7101,8317
7102,8321
7103,8316
7104,8323
7105,8286
7106,8322
7107,8281
7108,8312
7109,8330
7110,8276
7111,8251
7112,8324
7113,8297
7114,8276
7115,8277
7116,8294
7117,8328
7118,8319
7119,8314
7120,8254
7121,8322
7122,8277
7123,8276
7124,8250
7125,8291
7126,8299
7127,8275
7128,8287
7129,8260
7130,8315
7131,8330
7132,8301
7133,8278
7134,8277
7135,8301
7136,8324
7137,8293
7138,8327
7139,8274
7140,8320
7141,8256
7142,8321
7143,8279
7144,8301
7145,8291
7146,8257
7147,8253
7148,8284
7149,8327
7150,8298
7151,8278
7152,8322
7153,8295
7154,8277
7155,8330
7156,8261
7157,8283
7158,8264
7159,8273
7160,8285
7161,8296
7162,8323
7163,8265
7164,8287
7165,8278
7166,8257
7167,8318
7168,8256
7169,8248
7170,8273
7171,8315
7172,8270
7173,8277
7174,8329
7175,8256
7176,8328
7177,8273
7178,8251
7179,8329
7180,8258
7181,8311
7182,8294
7183,8286
7184,8298
7185,8320
7186,8279
7187,8289
7188,8308
7189,8326
7190,8296
7191,8255
7192,8274
7193,8259
7194,8312
7195,8333
7196,9824
7197,9087
7198,8964
7199,8876
7200,9782
7201,8361
7202,8959
7203,8969
7204,9766
7205,8393
7206,9444
7207,27687
7208,27165
7209,9088
7210,9098
7211,9837
7212,9561
7213,8920
7214,8349
7215,8481
7216,8626
7217,25296
7218,8398
7219,8581
7220,8995
7221,8419
7222,8442
7223,9496
7224,10040
7225,9135
7226,25595
7227,21878
7228,9798
7229,8831
7230,8755
7231,9164
7232,8427
7233,9789
7234,10661
7235,25527
7236,8818
7237,11881
7238,8478
7239,9104
7240,8876
7241,8353
7242,11675
7243,8597
7244,9619
7245,8781
7246,9149
7247,8919
7248,9606
7249,8586
7250,9227
7251,8745
7252,10005
7253,8551
7254,9333
7255,8416
7256,9048
7257,8900
7258,9721
7259,8400
7260,9508
7261,8757
7262,9250
7263,8801
7264,10796
7265,8746
7266,9010
7267,8416
7268,8892
7269,8419
7270,8707
7271,9466
7272,8978
7273,8876
7274,9418
7275,8446
7276,9807
7277,8735
7278,8981
7279,8713
7280,9548
7281,8437
7282,9100
7283,8736
7284,8888
7285,10045
7286,8449
7287,8953
7288,8762
7289,9675
7290,8564
7291,8952
7292,10203
7293,9126
7294,9040
7295,10148
7296,8617
7297,9580
7298,8794
7299,9445
7300,8958
7301,8354
7302,8937
7303,8887
7304,9453
7305,8456
7306,9160
7307,8699
7308,9776
7309,8825
7310,9468
7311,8455
7312,8894
7313,8862
7314,9400
7315,8463
7316,8971
7317,8354
7318,9172
7319,9020
7320,10834
7321,8448
7322,9101
7323,9087
7324,9717
7325,8850
7326,10088
7327,9117
7328,9083
7329,9403
7330,10076
7331,8848
7332,9045
7333,8967
7334,9579
7335,8947
7336,8827
7337,9988
7338,8359
7339,8976
7340,9683
7341,8959
7342,8847
7343,9492
7344,8341
7345,8933
7346,9280
7347,13066
7348,9220
7349,8899
7350,8802
7351,9491
7352,8604
7353,8939
7354,8820
7355,9583
7356,9610
7357,8773
7358,10479
7359,8384
7360,8335
7361,8847
7362,9345
7363,8778
7364,9235
7365,8555
7366,8974
7367,8823
7368,9539
7369,8346
7370,10255
7371,8416
7372,11492
7373,9177
7374,9737
7375,26953
7376,8359
7377,8560
7378,26468
7379,23684
7380,9105
7381,8376
7382,8391
7383,23788
7384,8770
7385,8568
7386,8624
7387,9605
7388,9481
7389,9193
7390,10164
7391,8462
7392,8598
7393,8462
7394,8368
7395,8565
7396,8936
7397,8391
7398,8641
7399,9036
7400,9999
7401,24846
7402,9853
7403,8444
7404,9618
7405,8777
7406,8409
7407,8467
7408,8581
7409,9312
7410,10305
7411,8367
7412,9007
7413,8421
7414,8586
7415,8458
7416,22197
7417,25982
7418,13272
7419,8724
7420,9921
7421,9091
7422,9512
7423,8372
7424,8936
7425,8811
7426,8370
7427,8448
7428,8859
7429,8336
7430,8828
7431,8962
7432,8485
7433,9030
7434,9085
7435,8470
7436,11429
7437,8848
7438,9208
7439,8856
7440,8417
7441,8898
7442,8967
7443,8582
7444,9072
7445,8425
7446,8748
7447,9132
7448,8942
7449,8493
7450,9104
7451,9578
7452,11325
7453,8888
7454,8464
7455,8496
7456,9067
7457,8948
7458,8622
7459,8812
7460,8974
7461,8396
7462,8877
7463,10004
7464,8366
7465,9128
7466,8862
7467,8338
7468,10008
7469,8999
7470,8775
7471,8862
7472,8500
7473,8865
7474,8839
7475,8525
7476,9087
7477,8382
7478,8807
7479,8364
7480,10998
7481,8341
7482,8584
7483,9101
7484,9296
7485,8794
7486,9678
7487,8363
7488,9006
7489,9583
7490,8339
7491,8916
7492,8862
7493,9961
7494,8904
7495,9696
7496,8507
7497,8867
7498,8805
7499,9637
7500,9631
7501,8825
7502,8337
7503,9007
7504,8501
7505,9284
7506,11384
7507,9122
7508,8948
7509,8597
7510,8781
7511,9401
7512,8581
7513,9043
7514,9140
7515,9749
7516,9506
7517,8979
7518,8986
7519,8821
7520,10122
7521,8490
7522,9001
7523,8888
7524,8938
7525,8531
7526,10645
7527,8441
7528,10073
7529,8896
7530,9909
7531,9034
7532,9695
7533,9069
7534,8354
7535,8839
7536,9612
7537,9109
7538,9059
7539,10197
7540,9074
7541,8360
7542,8465
7543,9211
7544,8889
7545,10387
7546,21629
7547,8656
7548,10778
7549,8887
7550,9319
7551,9260
7552,9653
7553,23630
7554,8372
7555,8788
7556,8947
7557,9007
7558,8407
7559,8540
7560,8353
7561,8402
7562,8382
7563,8606
7564,9486
7565,8862
7566,9949
7567,25686
7568,28209
7569,8404
7570,8806
7571,9886
7572,9432
7573,8433
7574,9125
7575,27006
7576,12185
7577,8374
7578,9049
7579,11868
7580,25916
7581,9172
7582,8834
7583,9526
7584,9714
7585,9183
7586,8921
7587,9548
7588,9212
7589,8543
7590,9010
7591,8946
7592,10045
7593,8344
7594,9926
7595,8601
7596,23541
7597,9483
7598,8519
7599,8439
7600,8915
7601,22485
7602,25670
7603,8689
7604,9847
7605,9283
7606,23634
7607,24693
7608,8533
7609,8384
7610,8393
7611,8344
7612,9820
7613,9491
7614,8520
7615,8424
7616,8426
7617,8614
7618,8336
7619,8648
7620,20962
7621,8671
7622,9355
7623,9121
7624,9346
7625,11767
7626,8354
7627,9101
7628,25444
7629,9469
7630,24078
7631,8787
7632,9755
7633,8475
7634,8876
7635,9091
7636,9196
7637,8712
7638,10267
7639,8671
7640,8899
7641,8795
7642,9466
7643,8647
7644,10585
7645,9085
7646,8365
7647,8994
7648,8893
7649,10058
7650,8637
7651,9219
7652,9040
7653,8438
7654,8506
7655,9121
7656,10516
7657,8444
7658,8943
7659,8849
7660,9547
7661,8743
7662,9821
7663,8389
7664,8961
7665,8724
7666,9468
7667,8459
7668,8952
7669,8377
7670,8997
7671,8775
7672,9643
7673,8515
7674,9038
7675,8886
7676,9510
7677,9297
7678,9481
7679,8474
7680,8912
7681,8838
7682,9685
7683,8501
7684,9071
7685,8387
7686,8808
7687,8817
7688,9738
7689,8373
7690,8893
7691,8864
7692,9501
7693,8717
7694,10129
7695,8514
7696,8362
7697,8891
7698,9082
7699,10908
7700,9606
7701,8811
7702,8404
7703,8963
7704,9214
7705,9699
7706,8416
7707,8832
7708,9738
7709,8836
7710,8795
7711,10279
7712,8645
7713,9164
7714,8762
7715,11978
7716,10063
7717,8431
7718,9213
7719,8870
7720,9969
7721,9903
7722,9102
7723,9020
7724,9505
7725,8834
7726,9484
7727,8363
7728,9265
7729,8341
7730,9042
7731,9441
7732,9111
7733,8380
7734,9048
7735,8952
7736,9536
7737,8340
7738,9287
7739,9079
7740,9484
7741,8925
7742,11984
7743,8431
7744,9316
7745,24756
7746,9433
7747,11286
7748,8932
7749,8365
7750,8684
7751,24928
7752,24590
7753,8428
7754,8780
7755,9469
7756,10499
7757,8775
7758,10228
7759,8560
7760,8466
7761,8512
7762,22012
7763,12109
7764,9218
7765,8412
7766,9380
7767,8401
7768,9194
7769,10549
7770,8496
7771,23362
7772,11791
7773,8828
7774,12348
7775,9174
7776,8871
7777,9502
7778,9028
7779,8629
7780,10171
7781,8423
7782,9111
7783,9574
7784,8453
7785,8380
7786,10032
7787,8873
7788,9476
7789,8868
7790,9464
7791,9107
7792,9079
7793,10820
7794,8426
7795,9029
7796,8883
7797,8488
7798,8953
7799,9516
7800,9201
7801,8847
7802,9559
7803,8370
7804,9333
7805,8800
7806,8937
7807,8931
7808,9539
7809,9101
7810,8763
7811,9569
7812,8938
7813,8445
7814,9243
7815,8836
7816,10395
7817,9121
7818,8851
7819,9621
7820,10003
7821,8919
7822,8578
7823,8942
7824,9152
7825,10598
7826,8481
7827,9063
7828,8971
7829,9966
7830,9033
7831,9559
7832,8622
7833,8915
7834,8883
7835,10739
7836,9482
7837,9116
7838,8370
7839,9413
7840,8847
7841,9622
7842,9773
7843,8883
7844,9086
7845,8683
7846,8886
7847,10014
7848,8405
7849,9056
7850,9051
7851,9631
7852,9451
7853,9361
7854,8881
7855,8881
7856,9452
7857,8907
7858,8798
7859,11125
7860,9004
7861,8587
7862,8378
7863,8906
7864,8822
7865,9571
7866,8957
7867,8772
7868,10010
7869,9805
7870,9496
7871,9049
7872,8957
7873,9349
7874,8334
7875,8895
7876,9336
7877,8699
7878,8982
7879,10723
7880,9030
7881,9550
7882,9779
7883,8369
7884,11236
7885,9213
7886,8388
7887,9005
7888,8870
7889,11334
7890,8355
7891,9329
7892,9267
7893,8632
7894,8878
7895,9522
7896,8476
7897,9263
7898,8456
7899,9018
7900,9459
7901,9500
7902,8345
7903,9761
7904,8384
7905,8455
7906,9034
7907,22547
7908,8941
7909,8363
7910,8367
7911,24478
7912,10643
7913,8355
7914,8400
7915,8799
7916,9686
7917,9355
7918,9592
7919,8335
7920,8390
7921,8559
7922,26354
7923,10124
7924,9123
7925,8371
7926,8598
7927,8957
7928,8450
7929,8486
7930,8597
7931,8731
7932,9922
7933,9083
7934,8446
7935,25906
7936,9479
7937,8453
7938,21544
7939,11491
7940,8876
7941,8374
7942,9183
7943,10282
7944,8415
7945,8689
7946,9259
7947,24891
7948,9575
7949,9050
7950,9995
7951,9094
7952,10483
7953,8395
7954,8983
7955,8861
7956,9032
7957,8570
7958,9694
7959,8339
7960,8406
7961,9080
7962,8853
7963,10322
7964,9612
7965,9132
7966,8915
7967,9056
7968,10460
7969,8454
7970,9061
7971,9092
7972,8979
7973,8400
7974,10278
7975,8352
7976,9752
7977,8767
7978,9802
7979,9911
7980,10154
7981,9142
7982,9144
7983,8881
7984,9599
7985,8461
7986,9160
7987,9039
7988,8945
7989,8516
7990,9877
7991,8433
7992,9063
7993,8946
7994,9669
7995,8402
7996,10186
7997,9338
7998,9288
7999,9038
8000,13822
8001,8600
8002,10082
8003,8376
8004,9284
8005,8393
8006,8930
8007,9764
8008,8416
8009,9259
8010,8819
8011,9892
8012,9475
8013,9085
8014,8386
8015,8951
8016,9186
8017,9684
8018,8418
8019,8923
8020,9231
8021,8618
8022,9049
8023,9650
8024,8456
8025,9003
8026,9332
8027,10762
8028,11071
8029,9146
8030,8414
8031,8499
8032,10098
8033,8688
8034,8761
8035,11215
8036,8967
8037,8896
8038,8334
8039,9005
8040,8875
8041,11945
8042,25596
8043,18849
8044,10522
8045,9325
8046,8736
8047,9832
8048,8423
8049,9110
8050,8841
8051,11452
8052,9297
8053,8677
8054,8777
8055,8954
8056,28199
8057,25557
8058,8516
8059,8381
8060,11196
8061,9656
8062,8466
8063,8341
8064,8532
8065,8339
8066,8659
8067,8519
8068,9588
8069,22974
8070,8818
8071,9545
8072,8498
8073,9191
8074,8866
8075,9709
8076,9832
8077,9447
8078,8341
8079,8361
8080,9200
8081,8835
8082,11064
8083,8384
8084,9189
8085,24598
8086,25795
8087,9024
8088,8860
8089,9836
8090,8434
8091,8994
8092,9710
8093,9154
8094,9250
8095,10854
8096,8522
8097,8938
8098,9305
8099,9678
8100,9036
8101,8510
8102,8406
8103,8964
8104,8902
8105,9757
8106,8388
8107,8960
8108,11137
8109,9279
8110,9404
8111,10412
8112,8413
8113,8987
8114,8436
8115,9074
8116,9093
8117,8534
8118,11097
8119,23530
8120,8352
8121,11287
8122,9406
8123,8364
8124,9445
8125,9373
8126,8373
8127,9284
8128,10619
8129,24729
8130,8818
8131,8475
8132,9176
8133,8441
8134,8813
8135,9454
8136,8349
8137,8368
8138,8385
8139,8551
8140,10365
8141,9028
8142,8602
8143,24689
8144,9964
8145,8356
8146,8695
8147,9291
8148,9145
8149,8468
8150,8374
8151,8530
8152,22781
8153,14221
8154,8483
8155,9045
8156,9845
8157,9089
8158,9213
8159,11439
8160,8551
8161,9135
8162,9481
8163,9530
8164,9020
8165,10198
8166,9003
8167,9097
8168,9103
8169,9680
8170,8500
8171,9088
8172,10247
8173,9282
8174,9392
8175,9665
8176,8649
8177,9102
8178,9244
8179,9809
8180,8965
8181,8367
8182,8490
8183,9263
8184,9281
8185,9620
8186,8579
8187,8475
8188,9435
8189,9200
8190,8661
8191,9318
8192,9324
8193,10288
8194,8457
8195,10037
8196,8948
8197,9239
8198,9615
8199,8493
8200,9070
8201,9535
8202,9580
8203,8493
8204,9619
8205,9336
8206,9354
8207,9165
8208,9490
8209,8443
8210,9209
8211,9180
8212,9044
8213,8579
8214,9696
8215,8495
8216,8449
8217,9187
8218,9018
8219,8436
8220,11444
8221,9074
8222,8634
8223,9102
8224,9108
8225,8477
8226,8513
8227,9131
8228,9866
8229,8366
8230,9122
8231,8611
8232,8519
8233,9036
8234,9022
8235,8389
8236,9610
8237,9158
8238,8373
8239,9367
8240,9023
8241,8560
8242,8491
8243,9684
8244,10085
8245,8405
8246,9102
8247,8589
8248,8413
8249,9422
8250,10024
8251,10092
8252,9676
8253,9019
8254,8419
8255,8997
8256,9492
8257,8447
8258,8349
8259,9059
8260,8981
8261,8438
8262,8903
8263,8646
8264,8642
8265,9277
8266,9087
8267,8387
8268,9703
8269,9038
8270,8475
8271,9158
8272,10964
8273,8406
8274,8666
8275,9199
8276,9083
8277,8507
8278,8977
8279,8557
8280,9131
8281,9277
8282,8464
8283,8503
8284,9569
8285,9039
8286,9428
8287,9148
8288,8558
8289,8968
8290,9470
8291,9864
8292,8984
8293,8710
8294,25912
8295,9357
8296,8382
8297,8452
8298,8356
8299,9610
8300,10921
8301,9132
8302,8413
8303,11777
8304,8610
8305,8901
8306,9071
8307,8414
8308,9031
8309,8417
8310,24021
8311,8369
8312,8333
8313,8369
8314,8475
8315,8517
8316,9585
8317,9113
8318,9681
8319,10204
8320,8583
8321,25527
8322,28357
8323,8612
8324,8980
8325,8919
8326,8801
8327,8484
8328,9440
8329,11368
8330,8408
8331,22060
8332,9631
8333,9025
8334,12686
8335,8398
8336,9229
8337,8985
8338,9628
8339,8404
8340,9023
8341,8391
8342,9058
8343,9104
8344,9661
8345,8355
8346,8929
8347,8976
8348,11301
8349,9260
8350,10365
8351,8541
8352,8996
8353,9225
8354,9634
8355,8491
8356,9028
8357,8478
8358,9005
8359,9153
8360,9567
8361,8507
8362,9075
8363,8398
8364,9634
8365,8963
8366,9171
8367,10612
8368,8363
8369,8517
8370,8389
8371,8916
8372,8912
8373,8424
8374,8507
8375,8953
8376,9382
8377,8463
8378,9076
8379,9134
8380,10264
8381,9429
8382,9662
8383,8509
8384,9251
8385,9191
8386,10076
8387,8826
8388,9074
8389,8421
8390,8990
8391,8389
8392,9101
8393,9681
8394,9996
8395,9735
8396,12127
8397,9135
8398,9108
8399,10550
8400,8351
8401,9002
8402,8722
8403,9576
8404,9478
8405,8416
8406,8897
8407,8674
8408,9440
8409,8372
8410,8938
8411,8775
8412,9406
8413,9339
8414,12095
8415,8410
8416,8922
8417,8839
8418,9549
8419,8648
8420,9229
8421,8862
8422,9029
8423,8827
8424,9634
8425,8645
8426,9178
8427,9017
8428,11310
8429,9159
8430,9430
8431,8427
8432,8915
8433,9432
8434,9691
8435,8480
8436,9406
8437,8428
8438,9182
8439,9123
8440,9477
8441,8456
8442,8428
8443,8980
8444,11723
8445,9105
8446,9199
8447,9167
8448,9619
8449,8344
8450,8403
8451,9144
8452,9110
8453,8788
8454,8372
8455,8844
8456,10618
8457,8424
8458,8918
8459,9143
8460,9610
8461,9006
8462,8497
8463,10338
8464,8602
8465,9223
8466,9063
8467,10047
8468,9320
8469,8404
8470,9096
8471,8908
8472,9859
8473,8525
8474,9189
8475,8933
8476,9737
8477,8900
8478,9536
8479,8372
8480,9010
8481,8830
8482,9871
8483,21848
8484,9302
8485,8364
8486,8564
8487,24462
8488,22029
8489,8403
8490,8347
8491,8337
8492,9652
8493,9055
8494,9487
8495,10027
8496,8834
8497,9467
8498,20194
8499,8449
8500,9107
8501,10036
8502,8396
8503,8413
8504,35211
8505,8442
8506,8612
8507,8964
8508,9934
8509,8981
8510,8436
8511,27186
8512,26078
8513,8382
8514,8638
8515,22688
8516,8809
8517,8593
8518,8449
8519,10997
8520,25263
8521,8438
8522,8469
8523,8558
8524,10045
8525,9589
8526,8485
8527,8510
8528,8558
8529,8436
8530,9240
8531,8357
8532,8930
8533,23369
8534,23163
8535,9034
8536,9987
8537,23499
8538,10939
8539,8380
8540,9658
8541,9155
8542,8341
8543,8924
8544,8404
8545,8941
8546,9616
8547,24888
8548,9427
8549,8726
8550,8360
8551,9045
8552,8990
8553,9532
8554,9717
8555,9250
8556,9761
8557,8831
8558,8763
8559,10911
8560,8477
8561,10424
8562,8966
8563,10396
8564,9250
8565,8362
8566,8430
8567,8870
8568,8728
8569,9761
8570,8436
8571,9064
8572,10504
8573,8727
8574,8894
8575,11887
8576,9264
8577,8848
8578,9635
8579,8403
8580,9327
8581,8446
8582,9078
8583,8797
8584,9333
8585,8363
8586,8908
8587,8857
8588,9678
8589,8879
8590,9813
8591,8337
8592,8457
8593,9101
8594,9002
8595,9574
8596,9643
8597,8362
8598,8369
8599,9049
8600,8786
8601,10108
8602,8459
8603,9390
8604,10036
8605,8920
8606,9310
8607,11705
8608,8553
8609,9164
8610,8692
8611,9555
8612,9079
8613,8481
8614,8349
8615,9866
8616,8969
8617,9603
8618,8695
8619,8936
8620,9944
8621,8793
8622,8947
8623,10674
8624,8350
8625,9026
8626,8829
8627,9395
8628,9172
8629,8426
8630,9019
8631,8668
8632,9662
8633,8366
8634,8925
8635,8801
8636,9430
8637,8832
8638,9507
8639,8389
8640,9274
8641,8863
8642,9647
8643,8398
8644,10046
8645,9117
8646,8829
8647,9543
8648,8370
8649,8959
8650,8842
8651,9572
8652,9847
8653,8779
8654,8573
8655,9014
8656,8483
8657,9261
8658,9578
8659,8483
8660,8996
8661,8390
8662,8681
8663,9014
8664,9147
8665,9585
8666,10197
8667,9428
8668,9513
8669,9121
8670,8929
8671,10275
8672,9034
8673,8995
8674,9554
8675,8575
8676,8831
8677,9121
8678,9162
8679,10086
8680,8350
8681,8523
8682,9121
8683,25340
8684,9482
8685,8850
8686,8476
8687,9270
8688,11713
8689,8803
8690,9067
8691,24384
8692,8860
8693,8450
8694,21662
8695,8433
8696,8532
8697,8540
8698,9682
8699,10282
8700,10312
8701,9041
8702,8358
8703,8387
8704,8589
8705,8647
8706,8610
8707,8490
8708,9026
8709,25296
8710,22881
8711,8513
8712,9447
8713,8518
8714,9124
8715,9854
8716,9764
8717,9024
8718,8364
8719,25666
8720,13096
8721,9372
8722,9494
8723,9078
8724,8917
8725,9002
8726,8983
8727,8457
8728,8763
8729,8961
8730,8567
8731,8401
8732,9695
8733,8840
8734,8450
8735,9375
8736,8868
8737,8721
8738,8947
8739,8550
8740,9664
8741,8949
8742,9263
8743,8419
8744,8520
8745,8786
8746,8844
8747,8366
8748,8997
8749,8982
8750,8447
8751,9041
8752,9078
8753,8387
8754,8388
8755,8877
8756,8488
8757,8381
8758,8940
8759,8361
8760,8644
8761,9094
8762,8811
8763,8433
8764,9004
8765,8863
8766,8364
8767,8725
8768,8811
8769,8380
8770,8418
8771,8923
8772,8406
8773,9082
8774,8793
8775,8861
8776,8368
8777,8402
8778,9015
8779,8883
8780,11131
8781,8882
8782,8636
8783,8494
8784,9075
8785,8869
8786,10090
8787,8586
8788,8368
8789,8884
8790,8369
8791,9500
8792,8407
8793,10337
8794,8921
8795,9644
8796,8949
8797,8866
8798,8351
8799,10139
8800,8808
8801,9793
8802,8427
8803,9154
8804,9035
8805,12150
8806,8401
8807,9256
8808,9060
8809,9525
8810,8424
8811,9033
8812,9016
8813,8828
8814,8768
8815,9407
8816,8357
8817,9116
8818,9383
8819,9803
8820,8336
8821,8467
8822,8377
8823,9315
8824,8826
8825,9634
8826,9121
8827,8875
8828,9107
8829,8803
8830,9728
8831,8513
8832,8396
8833,10116
8834,9254
8835,10523
8836,8362
8837,9782
8838,8984
8839,9009
8840,11212
8841,8450
8842,9189
8843,9182
8844,8974
8845,8798
8846,10938
8847,24899
8848,8509
8849,9477
8850,25040
8851,24227
8852,8593
8853,22510
8854,9549
8855,10504
8856,8572
8857,8418
8858,8680
8859,8478
8860,8897
8861,8758
8862,8535
8863,8570
8864,8877
8865,9711
8866,8440
8867,8687
8868,8462
8869,8623
8870,22990
8871,13625
8872,12120
8873,8580
8874,8380
8875,8437
8876,9113
8877,9074
8878,8354
8879,8619
8880,9527
8881,25620
8882,22433
8883,9294
8884,8402
8885,8592
8886,9147
8887,10370
8888,8615
8889,9331
8890,9000
8891,9557
8892,9145
8893,8831
8894,8373
8895,9167
8896,9081
8897,9690
8898,8439
8899,9598
8900,8619
8901,8868
8902,12196
8903,9058
8904,8899
8905,9731
8906,8401
8907,9172
8908,9353
8909,8693
8910,8885
8911,9652
8912,8602
8913,10321
8914,8955
8915,9618
8916,8401
8917,10022
8918,9243
8919,8847
8920,9729
8921,8355
8922,9183
8923,8977
8924,8989
8925,8938
8926,11230
8927,8573
8928,9238
8929,8730
8930,9909
8931,8433
8932,8381
8933,8414
8934,9930
8935,9036
8936,9056
8937,8361
8938,9294
8939,9125
8940,8920
8941,8762
8942,10946
8943,8365
8944,9013
8945,8922
8946,9298
8947,8519
8948,8346
8949,8371
8950,11138
8951,8361
8952,8761
8953,9179
8954,9123
8955,8924
8956,8863
8957,8935
8958,9040
8959,8407
8960,9079
8961,8779
8962,9038
8963,8718
8964,8388
8965,8439
8966,9000
8967,8334
8968,9115
8969,9041
8970,9375
8971,9430
8972,9554
8973,8739
8974,8878
8975,9027
8976,8370
8977,8417
8978,24188
8979,9509
8980,9206
8981,8511
8982,8872
8983,8960
8984,9059
8985,8362
8986,9043
8987,9250
8988,9998
8989,9045
8990,8723
8991,8946
8992,8889
8993,11635
8994,21706
8995,8554
8996,9501
8997,9026
8998,8416
8999,8447
9000,8440
9001,10373
9002,8398
9003,8388
9004,10360
9005,9557
9006,8736
9007,8360
9008,24543
9009,8407
9010,9533
9011,8776
9012,9085
9013,8578
9014,9249
9015,9032
9016,9188
9017,9293
9018,8406
9019,8439
9020,10309
9021,9144
9022,9198
9023,25446
9024,8904
9025,9133
9026,9827
9027,9318
9028,9789
9029,8875
9030,9240
9031,8363
9032,9092
9033,8759
9034,9108
9035,8338
9036,9578
9037,8780
9038,8993
9039,8946
9040,8976
9041,24748
9042,21535
9043,8559
9044,9389
9045,9275
9046,9362
9047,9222
9048,8557
9049,8361
9050,23844
9051,8551
9052,10120
9053,9484
9054,8576
9055,8557
9056,11545
9057,10543
9058,8530
9059,8501
9060,8993
9061,8345
9062,8469
9063,8415
9064,8542
9065,8490
9066,9670
9067,20890
9068,9726
9069,8797
9070,11490
9071,8471
9072,8715
9073,9120
9074,26609
9075,12042
9076,8905
9077,8387
9078,8360
9079,9035
9080,8994
9081,9345
9082,8400
9083,9197
9084,12071
9085,8774
9086,9254
9087,9204
9088,9579
9089,8388
9090,9056
9091,8876
9092,9112
9093,8639
9094,9610
9095,8597
9096,9197
9097,9174
9098,8957
9099,8602
9100,9493
9101,8829
9102,9358
9103,8886
9104,9007
9105,8433
9106,9212
9107,9017
9108,9101
9109,8374
9110,10290
9111,8561
9112,9242
9113,9067
9114,9285
9115,8339
9116,11578
9117,9126
9118,8420
9119,9739
9120,8479
9121,9102
9122,9028
9123,8509
9124,9040
9125,9287
9126,8918
9127,9077
9128,8336
9129,8433
9130,8955
9131,9200
9132,9570
9133,8867
9134,8925
9135,9160
9136,8411
9137,10044
9138,9003
9139,8976
9140,9076
9141,8600
9142,8481
9143,9185
9144,8336
9145,8871
9146,9063
9147,8615
9148,9469
9149,8856
9150,9159
9151,8777
9152,9123
9153,8557
9154,12980
9155,8886
9156,9293
9157,9072
9158,8497
9159,9172
9160,8988
9161,10104
9162,8400
9163,9299
9164,9658
9165,9029
9166,8913
9167,24314
9168,9044
9169,8463
9170,8363
9171,9662
9172,24052
9173,10008
9174,8442
9175,9036
9176,9080
9177,9612
9178,8449
9179,23393
9180,9748
9181,9242
9182,8349
9183,9232
9184,8927
9185,9096
9186,8376
9187,9155
9188,9487
9189,8633
9190,9011
9191,9155
9192,9950
9193,9106
9194,8745
9195,9105
9196,9888
9197,9060
9198,8396
9199,8394
9200,23706
9201,9022
9202,8410
9203,8931
9204,9295
9205,8506
9206,10392
9207,8431
9208,8942
9209,8968
9210,24068
9211,9016
9212,9619
9213,9154
9214,8381
9215,9380
9216,9019
9217,9120
9218,8458
9219,9053
9220,9288
9221,8824
9222,8790
9223,8927
9224,8394
9225,9111
9226,8938
9227,8979
9228,10444
9229,9111
9230,9069
9231,8412
9232,9167
9233,8976
9234,9075
9235,8377
9236,9170
9237,8454
9238,10446
9239,20866
9240,8379
9241,9441
9242,9333
9243,8404
9244,9826
9245,9064
9246,24066
9247,22972
9248,8388
9249,8399
9250,8398
9251,9553
9252,10151
9253,8463
9254,9519
9255,8374
9256,8515
9257,8482
9258,8617
9259,24085
9260,9738
9261,8989
9262,11619
9263,10796
9264,8799
9265,8418
9266,8595
9267,9390
9268,9286
9269,8520
9270,9593
9271,8923
9272,40500
9273,8722
9274,9053
9275,8901
9276,9644
9277,9084
9278,8948
9279,8359
9280,8967
9281,9095
9282,8961
9283,8963
9284,9195
9285,8397
9286,8360
9287,8881
9288,9064
9289,9060
9290,8610
9291,8969
9292,9846
9293,8912
9294,9121
9295,9880
9296,8392
9297,8430
9298,8412
9299,9384
9300,9239
9301,8383
9302,8874
9303,8949
9304,9025
9305,9021
9306,8872
9307,8528
9308,9697
9309,9123
9310,9118
9311,8802
9312,10427
9313,9099
9314,9365
9315,9126
9316,9122
9317,8436
9318,8343
9319,8632
9320,9298
9321,8419
9322,9174
9323,8914
9324,9806
9325,8935
9326,8408
9327,9048
9328,8983
9329,9040
9330,8442
9331,9503
9332,9139
9333,8504
9334,9043
9335,9156
9336,9222
9337,8674
9338,9673
9339,8950
9340,10805
9341,9244
9342,8927
9343,8999
9344,8632
9345,9197
9346,8851
9347,8986
9348,9093
9349,8727
9350,8391
9351,10042
9352,8929
9353,8383
9354,8966
9355,8446
9356,9722
9357,8883
9358,10758
9359,8773
9360,9040
9361,8883
9362,8864
9363,11396
9364,9144
9365,8393
9366,8399
9367,9026
9368,8926
9369,9198
9370,9147
9371,8883
9372,9643
9373,9032
9374,10055
9375,9521
9376,9133
9377,9143
9378,9503
9379,8354
9380,26105
9381,26836
9382,8499
9383,9052
9384,8955
9385,8722
9386,8352
9387,9081
9388,10212
9389,9194
9390,8451
9391,8480
9392,10266
9393,8492
9394,8524
9395,8796
9396,9294
9397,8636
9398,9069
9399,8482
9400,8993
9401,8908
9402,10307
9403,9217
9404,10498
9405,9478
9406,8386
9407,8780
9408,8500
9409,9034
9410,9040
9411,9152
9412,9450
9413,20162
9414,9055
9415,8346
9416,9080
9417,9054
9418,9007
9419,8427
9420,11432
9421,8944
9422,8885
9423,9358
9424,9007
9425,9080
9426,8435
9427,9384
9428,13633
9429,24195
9430,25482
9431,9599
9432,9632
9433,8601
9434,9138
9435,8343
9436,9772
9437,9075
9438,24189
9439,20970
9440,8357
9441,9522
9442,9603
9443,8337
9444,11495
9445,26794
9446,8470
9447,8353
9448,8428
9449,8358
9450,8339
9451,8406
9452,13070
9453,9357
9454,8486
9455,21374
9456,26468
9457,22441
9458,22817
9459,9030
9460,9275
9461,8567
9462,8857
9463,8735
9464,8600
9465,25691
9466,12745
9467,9027
9468,9725
9469,9144
9470,8533
9471,8496
9472,8633
9473,24559
9474,8861
9475,8407
9476,9126
9477,8403
9478,8428
9479,8962
9480,8333
9481,10970
9482,8502
9483,8815
9484,9486
9485,8916
9486,8569
9487,9042
9488,8436
9489,8794
9490,8429
9491,8439
9492,9049
9493,8359
9494,8427
9495,8715
9496,8346
9497,8350
9498,8804
9499,8484
9500,9654
9501,8809
9502,8468
9503,8695
9504,9323
9505,8473
9506,8793
9507,8340
9508,8989
9509,10300
9510,8390
9511,8574
9512,8779
9513,8422
9514,8442
9515,9027
9516,10122
9517,9042
9518,8595
9519,8790
9520,8960
9521,9057
9522,8479
9523,8503
9524,9013
9525,8362
9526,8518
9527,8430
9528,9296
9529,8622
9530,8698
9531,8690
9532,9473
9533,8846
9534,8844
9535,8703
9536,8503
9537,9121
9538,8740
9539,8925
9540,9071
9541,8386
9542,10234
9543,8766
9544,9112
9545,12076
9546,8709
9547,8976
9548,9602
9549,8833
9550,8472
9551,9793
9552,8727
9553,9210
9554,8540
9555,12245
9556,9139
9557,8674
9558,8998
9559,8663
9560,8742
9561,8366
9562,8774
9563,8357
9564,9558
9565,9009
9566,8697
9567,8702
9568,9056
9569,8753
9570,8758
9571,9001
9572,9024
9573,9945
9574,8870
9575,8504
9576,8337
9577,8719
9578,8973
9579,8685
9580,10207
9581,8973
9582,8860
9583,24827
9584,9187
9585,24187
9586,24179
9587,9563
9588,9005
9589,8342
9590,8586
9591,9479
9592,8386
9593,8406
9594,25488
9595,11921
9596,10534
9597,8888
9598,8510
9599,8884
9600,8523
9601,25415
9602,11443
9603,9081
9604,9077
9605,8503
9606,8842
9607,8899
9608,9029
9609,8881
9610,8781
9611,8751
9612,9531
9613,8790
9614,8968
9615,8441
9616,8862
9617,9106
9618,8833
9619,8646
9620,9085
9621,8355
9622,8407
9623,8921
9624,8992
9625,8678
9626,8894
9627,9157
9628,9377
9629,8792
9630,8793
9631,8593
9632,8912
9633,8765
9634,8367
9635,8957
9636,9079
9637,8676
9638,8995
9639,8782
9640,8393
9641,8361
9642,9683
9643,8404
9644,9560
9645,8780
9646,9352
9647,8359
9648,10024
9649,9069
9650,8892
9651,8832
9652,9129
9653,8384
9654,8965
9655,9135
9656,8733
9657,8995
9658,8343
9659,9326
9660,9389
9661,8988
9662,8564
9663,8922
9664,8384
9665,8885
9666,8423
9667,8651
9668,9284
9669,8924
9670,8409
9671,8375
9672,8949
9673,8613
9674,8842
9675,9276
9676,9832
9677,8991
9678,9045
9679,8791
9680,8646
9681,8465
9682,8971
9683,8465
9684,9200
9685,8505
9686,8341
9687,9235
9688,9280
9689,8470
9690,9244
9691,9082
9692,9608
9693,8850
9694,26296
9695,22392
9696,8354
9697,9856
9698,8406
9699,8479
9700,8893
9701,8436
9702,8562
9703,8400
9704,9661
9705,8445
9706,8348
9707,8441
9708,9501
9709,8986
9710,23785
9711,9183
9712,24882
9713,8363
9714,8575
9715,8354
9716,9199
9717,8511
9718,8516
9719,8698
9720,8522
9721,8609
9722,8428
9723,9773
9724,9810
9725,8810
9726,8663
9727,25230
9728,10696
9729,8521
9730,8357
9731,8438
9732,9023
9733,8786
9734,8990
9735,21358
9736,9617
9737,8428
9738,8497
9739,9295
9740,10036
9741,8993
9742,9253
9743,9184
9744,8352
9745,8555
9746,8360
9747,9170
9748,9116
9749,8588
9750,8427
9751,8503
9752,9106
9753,9160
9754,8744
9755,8472
9756,10508
9757,9082
9758,9144
9759,8544
9760,8686
9761,8709
9762,9301
9763,8624
9764,9700
9765,8526
9766,9019
9767,8919
9768,8505
9769,10305
9770,8836
9771,8687
9772,9506
9773,8923
9774,9102
9775,8412
9776,8403
9777,8885
9778,8511
9779,8429
9780,9121
9781,8519
9782,8871
9783,8436
9784,12343
9785,8983
9786,8505
9787,8350
9788,11760
9789,8758
9790,9011
9791,8334
9792,8452
9793,8430
9794,9811
9795,8612
9796,9516
9797,8559
9798,8362
9799,8484
9800,8931
9801,8367
9802,8444
9803,8403
9804,9490
9805,8874
9806,9135
9807,8427
9808,8761
9809,8402
9810,8597
9811,8909
9812,9130
9813,8421
9814,9400
9815,8352
9816,8511
9817,9222
9818,8640
9819,8334
9820,9491
9821,8777
9822,8738
9823,9125
9824,9324
9825,8443
9826,8647
9827,9394
9828,9103
9829,8589
9830,8648
9831,12232
9832,8811
9833,9134
9834,9812
9835,8469
9836,10153
9837,8804
9838,8689
9839,9725
9840,8345
9841,9238
9842,8676
9843,8399
9844,9024
9845,9911
9846,9035
9847,8409
9848,8476
9849,8334
9850,9433
9851,8419
9852,9690
9853,8778
9854,9121
9855,8488
9856,8342
9857,9203
9858,8542
9859,8382
9860,9089
9861,8514
9862,9196
9863,8387
9864,8609
9865,8378
9866,9357
9867,8562
9868,9601
9869,8857
9870,8752
9871,9549
9872,8467
9873,19312
9874,8525
9875,8408
9876,8884
9877,8415
9878,8687
9879,24959
9880,24996
9881,8640
9882,9509
9883,8368
9884,9490
9885,8788
9886,8898
9887,8363
9888,8384
9889,24267
9890,11340
9891,9072
9892,9076
9893,8483
9894,8909
9895,8680
9896,8570
9897,8726
9898,8830
9899,12479
9900,26632
9901,9294
9902,8573
9903,8743
9904,10087
9905,8733
9906,8549
9907,8709
9908,9173
9909,8672
9910,8443
9911,8730
9912,24089
9913,8584
9914,12005
9915,12196
9916,43932
9917,9881
9918,8651
9919,8417
9920,27019
9921,8370
9922,8434
9923,8335
9924,9451
9925,9020
9926,8358
9927,24042
9928,24061
9929,8735
9930,24691
9931,8508
9932,11176
9933,9643
9934,8601
9935,24539
9936,14541
9937,8381
9938,8391
9939,23702
9940,9150
9941,8640
9942,8354
9943,19976
9944,29211
9945,8645
9946,8402
9947,8622
9948,9669
9949,9033
9950,28848
9951,8372
9952,8392
9953,9247
9954,8761
9955,8409
9956,9176
9957,8372
9958,8371
9959,8482
9960,8724
9961,8784
9962,8399
9963,8406
9964,9674
9965,8794
9966,8473
9967,9325
9968,8366
9969,8409
9970,8621
9971,24571
9972,8851
9973,8571
9974,9037
9975,8460
9976,8475
9977,8521
9978,9117
9979,8358
9980,10820
9981,9117
9982,8341
9983,8538
9984,8381
9985,8557
9986,9111
9987,8439
9988,9100
9989,8358
9990,8663
9991,8345
9992,8678
9993,9615
9994,8480
9995,8782
9996,9692
9997,9027
9998,8449
9999,8559
